=== Debug Log Started ===
🔧 Starting update_markers()
📁 Font path resolved to: C:\Users\Wesma\AppData\Local\Temp\_MEI293642\DejaVuSans-Bold.ttf
✅ Custom TTF font loaded successfully.
🔍 Detected game folders: [WindowsPath('C:/Program Files (x86)/Ultima Online Outlands/ClassicUO/Data/Client')]
🖼️ Icon output path: C:\Program Files (x86)\Ultima Online Outlands\ClassicUO\Data\Client\MapIcons
✅ Single client path auto-selected: C:\Program Files (x86)\Ultima Online Outlands\ClassicUO\Data\Client
🌐 Fetching: GG DOCKMASTERS.txt → https://raw.githubusercontent.com/LeoPiro/GG_Dms/main/GG%20DOCKMASTERS.txt
📄 Downloaded 115 lines from GG DOCKMASTERS.txt
🔧 Ensuring icon exists: 1A-E
== Creating icon: 1A-E
Output folder: C:\Program Files (x86)\Ultima Online Outlands\ClassicUO\Data\Client\MapIcons
✅ Saved icon to: C:\Program Files (x86)\Ultima Online Outlands\ClassicUO\Data\Client\MapIcons\1A-E.png
🔧 Ensuring icon exists: 1B-E
== Creating icon: 1B-E
Output folder: C:\Program Files (x86)\Ultima Online Outlands\ClassicUO\Data\Client\MapIcons
✅ Saved icon to: C:\Program Files (x86)\Ultima Online Outlands\ClassicUO\Data\Client\MapIcons\1B-E.png
🔧 Ensuring icon exists: 2B-E
== Creating icon: 2B-E
Output folder: C:\Program Files (x86)\Ultima Online Outlands\ClassicUO\Data\Client\MapIcons
✅ Saved icon to: C:\Program Files (x86)\Ultima Online Outlands\ClassicUO\Data\Client\MapIcons\2B-E.png
🔧 Ensuring icon exists: 1C-E
== Creating icon: 1C-E
Output folder: C:\Program Files (x86)\Ultima Online Outlands\ClassicUO\Data\Client\MapIcons
✅ Saved icon to: C:\Program Files (x86)\Ultima Online Outlands\ClassicUO\Data\Client\MapIcons\1C-E.png
🔧 Ensuring icon exists: 2C-E
== Creating icon: 2C-E
Output folder: C:\Program Files (x86)\Ultima Online Outlands\ClassicUO\Data\Client\MapIcons
✅ Saved icon to: C:\Program Files (x86)\Ultima Online Outlands\ClassicUO\Data\Client\MapIcons\2C-E.png
🔧 Ensuring icon exists: 1D-E
== Creating icon: 1D-E
Output folder: C:\Program Files (x86)\Ultima Online Outlands\ClassicUO\Data\Client\MapIcons
✅ Saved icon to: C:\Program Files (x86)\Ultima Online Outlands\ClassicUO\Data\Client\MapIcons\1D-E.png
🔧 Ensuring icon exists: 1E-E
== Creating icon: 1E-E
Output folder: C:\Program Files (x86)\Ultima Online Outlands\ClassicUO\Data\Client\MapIcons
✅ Saved icon to: C:\Program Files (x86)\Ultima Online Outlands\ClassicUO\Data\Client\MapIcons\1E-E.png
🔧 Ensuring icon exists: 1F-E
== Creating icon: 1F-E
Output folder: C:\Program Files (x86)\Ultima Online Outlands\ClassicUO\Data\Client\MapIcons
✅ Saved icon to: C:\Program Files (x86)\Ultima Online Outlands\ClassicUO\Data\Client\MapIcons\1F-E.png
🔧 Ensuring icon exists: 1G-E
== Creating icon: 1G-E
Output folder: C:\Program Files (x86)\Ultima Online Outlands\ClassicUO\Data\Client\MapIcons
✅ Saved icon to: C:\Program Files (x86)\Ultima Online Outlands\ClassicUO\Data\Client\MapIcons\1G-E.png
🔧 Ensuring icon exists: 4A-E
== Creating icon: 4A-E
Output folder: C:\Program Files (x86)\Ultima Online Outlands\ClassicUO\Data\Client\MapIcons
✅ Saved icon to: C:\Program Files (x86)\Ultima Online Outlands\ClassicUO\Data\Client\MapIcons\4A-E.png
🔧 Ensuring icon exists: 5E-E
== Creating icon: 5E-E
Output folder: C:\Program Files (x86)\Ultima Online Outlands\ClassicUO\Data\Client\MapIcons
✅ Saved icon to: C:\Program Files (x86)\Ultima Online Outlands\ClassicUO\Data\Client\MapIcons\5E-E.png
🔧 Ensuring icon exists: 5F-E
== Creating icon: 5F-E
Output folder: C:\Program Files (x86)\Ultima Online Outlands\ClassicUO\Data\Client\MapIcons
✅ Saved icon to: C:\Program Files (x86)\Ultima Online Outlands\ClassicUO\Data\Client\MapIcons\5F-E.png
🔧 Ensuring icon exists: 6A-E
== Creating icon: 6A-E
Output folder: C:\Program Files (x86)\Ultima Online Outlands\ClassicUO\Data\Client\MapIcons
✅ Saved icon to: C:\Program Files (x86)\Ultima Online Outlands\ClassicUO\Data\Client\MapIcons\6A-E.png
🔧 Ensuring icon exists: 6B-E
== Creating icon: 6B-E
Output folder: C:\Program Files (x86)\Ultima Online Outlands\ClassicUO\Data\Client\MapIcons
✅ Saved icon to: C:\Program Files (x86)\Ultima Online Outlands\ClassicUO\Data\Client\MapIcons\6B-E.png
🔧 Ensuring icon exists: 6C-E
== Creating icon: 6C-E
Output folder: C:\Program Files (x86)\Ultima Online Outlands\ClassicUO\Data\Client\MapIcons
✅ Saved icon to: C:\Program Files (x86)\Ultima Online Outlands\ClassicUO\Data\Client\MapIcons\6C-E.png
🔧 Ensuring icon exists: 6E-E
== Creating icon: 6E-E
Output folder: C:\Program Files (x86)\Ultima Online Outlands\ClassicUO\Data\Client\MapIcons
✅ Saved icon to: C:\Program Files (x86)\Ultima Online Outlands\ClassicUO\Data\Client\MapIcons\6E-E.png
🔧 Ensuring icon exists: 6F-E
== Creating icon: 6F-E
Output folder: C:\Program Files (x86)\Ultima Online Outlands\ClassicUO\Data\Client\MapIcons
✅ Saved icon to: C:\Program Files (x86)\Ultima Online Outlands\ClassicUO\Data\Client\MapIcons\6F-E.png
🔧 Ensuring icon exists: 1A-N
== Creating icon: 1A-N
Output folder: C:\Program Files (x86)\Ultima Online Outlands\ClassicUO\Data\Client\MapIcons
✅ Saved icon to: C:\Program Files (x86)\Ultima Online Outlands\ClassicUO\Data\Client\MapIcons\1A-N.png
🔧 Ensuring icon exists: 1A-N
== Creating icon: 1A-N
Output folder: C:\Program Files (x86)\Ultima Online Outlands\ClassicUO\Data\Client\MapIcons
✅ Saved icon to: C:\Program Files (x86)\Ultima Online Outlands\ClassicUO\Data\Client\MapIcons\1A-N.png
🔧 Ensuring icon exists: 1B-N
== Creating icon: 1B-N
Output folder: C:\Program Files (x86)\Ultima Online Outlands\ClassicUO\Data\Client\MapIcons
✅ Saved icon to: C:\Program Files (x86)\Ultima Online Outlands\ClassicUO\Data\Client\MapIcons\1B-N.png
🔧 Ensuring icon exists: 2A-N
== Creating icon: 2A-N
Output folder: C:\Program Files (x86)\Ultima Online Outlands\ClassicUO\Data\Client\MapIcons
✅ Saved icon to: C:\Program Files (x86)\Ultima Online Outlands\ClassicUO\Data\Client\MapIcons\2A-N.png
🔧 Ensuring icon exists: 2B-N
== Creating icon: 2B-N
Output folder: C:\Program Files (x86)\Ultima Online Outlands\ClassicUO\Data\Client\MapIcons
✅ Saved icon to: C:\Program Files (x86)\Ultima Online Outlands\ClassicUO\Data\Client\MapIcons\2B-N.png
🔧 Ensuring icon exists: 2B-N
== Creating icon: 2B-N
Output folder: C:\Program Files (x86)\Ultima Online Outlands\ClassicUO\Data\Client\MapIcons
✅ Saved icon to: C:\Program Files (x86)\Ultima Online Outlands\ClassicUO\Data\Client\MapIcons\2B-N.png
🔧 Ensuring icon exists: 2C-N
== Creating icon: 2C-N
Output folder: C:\Program Files (x86)\Ultima Online Outlands\ClassicUO\Data\Client\MapIcons
✅ Saved icon to: C:\Program Files (x86)\Ultima Online Outlands\ClassicUO\Data\Client\MapIcons\2C-N.png
🔧 Ensuring icon exists: 2D-N
== Creating icon: 2D-N
Output folder: C:\Program Files (x86)\Ultima Online Outlands\ClassicUO\Data\Client\MapIcons
✅ Saved icon to: C:\Program Files (x86)\Ultima Online Outlands\ClassicUO\Data\Client\MapIcons\2D-N.png
🔧 Ensuring icon exists: 2E-N
== Creating icon: 2E-N
Output folder: C:\Program Files (x86)\Ultima Online Outlands\ClassicUO\Data\Client\MapIcons
✅ Saved icon to: C:\Program Files (x86)\Ultima Online Outlands\ClassicUO\Data\Client\MapIcons\2E-N.png
🔧 Ensuring icon exists: 2F-N
== Creating icon: 2F-N
Output folder: C:\Program Files (x86)\Ultima Online Outlands\ClassicUO\Data\Client\MapIcons
✅ Saved icon to: C:\Program Files (x86)\Ultima Online Outlands\ClassicUO\Data\Client\MapIcons\2F-N.png
🔧 Ensuring icon exists: 2G-N
== Creating icon: 2G-N
Output folder: C:\Program Files (x86)\Ultima Online Outlands\ClassicUO\Data\Client\MapIcons
✅ Saved icon to: C:\Program Files (x86)\Ultima Online Outlands\ClassicUO\Data\Client\MapIcons\2G-N.png
🔧 Ensuring icon exists: 2G-N
== Creating icon: 2G-N
Output folder: C:\Program Files (x86)\Ultima Online Outlands\ClassicUO\Data\Client\MapIcons
✅ Saved icon to: C:\Program Files (x86)\Ultima Online Outlands\ClassicUO\Data\Client\MapIcons\2G-N.png
🔧 Ensuring icon exists: 2H-N
== Creating icon: 2H-N
Output folder: C:\Program Files (x86)\Ultima Online Outlands\ClassicUO\Data\Client\MapIcons
✅ Saved icon to: C:\Program Files (x86)\Ultima Online Outlands\ClassicUO\Data\Client\MapIcons\2H-N.png
🔧 Ensuring icon exists: 3A-N
== Creating icon: 3A-N
Output folder: C:\Program Files (x86)\Ultima Online Outlands\ClassicUO\Data\Client\MapIcons
✅ Saved icon to: C:\Program Files (x86)\Ultima Online Outlands\ClassicUO\Data\Client\MapIcons\3A-N.png
🔧 Ensuring icon exists: 4A-N
== Creating icon: 4A-N
Output folder: C:\Program Files (x86)\Ultima Online Outlands\ClassicUO\Data\Client\MapIcons
✅ Saved icon to: C:\Program Files (x86)\Ultima Online Outlands\ClassicUO\Data\Client\MapIcons\4A-N.png
🔧 Ensuring icon exists: 4B-N
== Creating icon: 4B-N
Output folder: C:\Program Files (x86)\Ultima Online Outlands\ClassicUO\Data\Client\MapIcons
✅ Saved icon to: C:\Program Files (x86)\Ultima Online Outlands\ClassicUO\Data\Client\MapIcons\4B-N.png
🔧 Ensuring icon exists: 4C-N
== Creating icon: 4C-N
Output folder: C:\Program Files (x86)\Ultima Online Outlands\ClassicUO\Data\Client\MapIcons
✅ Saved icon to: C:\Program Files (x86)\Ultima Online Outlands\ClassicUO\Data\Client\MapIcons\4C-N.png
🔧 Ensuring icon exists: 4C-N
== Creating icon: 4C-N
Output folder: C:\Program Files (x86)\Ultima Online Outlands\ClassicUO\Data\Client\MapIcons
✅ Saved icon to: C:\Program Files (x86)\Ultima Online Outlands\ClassicUO\Data\Client\MapIcons\4C-N.png
🔧 Ensuring icon exists: 4E-N
== Creating icon: 4E-N
Output folder: C:\Program Files (x86)\Ultima Online Outlands\ClassicUO\Data\Client\MapIcons
✅ Saved icon to: C:\Program Files (x86)\Ultima Online Outlands\ClassicUO\Data\Client\MapIcons\4E-N.png
🔧 Ensuring icon exists: 5A-N
== Creating icon: 5A-N
Output folder: C:\Program Files (x86)\Ultima Online Outlands\ClassicUO\Data\Client\MapIcons
✅ Saved icon to: C:\Program Files (x86)\Ultima Online Outlands\ClassicUO\Data\Client\MapIcons\5A-N.png
🔧 Ensuring icon exists: 6A-N
== Creating icon: 6A-N
Output folder: C:\Program Files (x86)\Ultima Online Outlands\ClassicUO\Data\Client\MapIcons
✅ Saved icon to: C:\Program Files (x86)\Ultima Online Outlands\ClassicUO\Data\Client\MapIcons\6A-N.png
🔧 Ensuring icon exists: 6A-N
== Creating icon: 6A-N
Output folder: C:\Program Files (x86)\Ultima Online Outlands\ClassicUO\Data\Client\MapIcons
✅ Saved icon to: C:\Program Files (x86)\Ultima Online Outlands\ClassicUO\Data\Client\MapIcons\6A-N.png
🔧 Ensuring icon exists: 6B-N
== Creating icon: 6B-N
Output folder: C:\Program Files (x86)\Ultima Online Outlands\ClassicUO\Data\Client\MapIcons
✅ Saved icon to: C:\Program Files (x86)\Ultima Online Outlands\ClassicUO\Data\Client\MapIcons\6B-N.png
🔧 Ensuring icon exists: 6B-N
== Creating icon: 6B-N
Output folder: C:\Program Files (x86)\Ultima Online Outlands\ClassicUO\Data\Client\MapIcons
✅ Saved icon to: C:\Program Files (x86)\Ultima Online Outlands\ClassicUO\Data\Client\MapIcons\6B-N.png
🔧 Ensuring icon exists: 6C-N
== Creating icon: 6C-N
Output folder: C:\Program Files (x86)\Ultima Online Outlands\ClassicUO\Data\Client\MapIcons
✅ Saved icon to: C:\Program Files (x86)\Ultima Online Outlands\ClassicUO\Data\Client\MapIcons\6C-N.png
🔧 Ensuring icon exists: 6C-N
== Creating icon: 6C-N
Output folder: C:\Program Files (x86)\Ultima Online Outlands\ClassicUO\Data\Client\MapIcons
✅ Saved icon to: C:\Program Files (x86)\Ultima Online Outlands\ClassicUO\Data\Client\MapIcons\6C-N.png
🔧 Ensuring icon exists: 6D-N
== Creating icon: 6D-N
Output folder: C:\Program Files (x86)\Ultima Online Outlands\ClassicUO\Data\Client\MapIcons
✅ Saved icon to: C:\Program Files (x86)\Ultima Online Outlands\ClassicUO\Data\Client\MapIcons\6D-N.png
🔧 Ensuring icon exists: 6D-N
== Creating icon: 6D-N
Output folder: C:\Program Files (x86)\Ultima Online Outlands\ClassicUO\Data\Client\MapIcons
✅ Saved icon to: C:\Program Files (x86)\Ultima Online Outlands\ClassicUO\Data\Client\MapIcons\6D-N.png
🔧 Ensuring icon exists: 1A-S
== Creating icon: 1A-S
Output folder: C:\Program Files (x86)\Ultima Online Outlands\ClassicUO\Data\Client\MapIcons
✅ Saved icon to: C:\Program Files (x86)\Ultima Online Outlands\ClassicUO\Data\Client\MapIcons\1A-S.png
🔧 Ensuring icon exists: 1B-S
== Creating icon: 1B-S
Output folder: C:\Program Files (x86)\Ultima Online Outlands\ClassicUO\Data\Client\MapIcons
✅ Saved icon to: C:\Program Files (x86)\Ultima Online Outlands\ClassicUO\Data\Client\MapIcons\1B-S.png
🔧 Ensuring icon exists: 1C-S
== Creating icon: 1C-S
Output folder: C:\Program Files (x86)\Ultima Online Outlands\ClassicUO\Data\Client\MapIcons
✅ Saved icon to: C:\Program Files (x86)\Ultima Online Outlands\ClassicUO\Data\Client\MapIcons\1C-S.png
🔧 Ensuring icon exists: 2A-S
== Creating icon: 2A-S
Output folder: C:\Program Files (x86)\Ultima Online Outlands\ClassicUO\Data\Client\MapIcons
✅ Saved icon to: C:\Program Files (x86)\Ultima Online Outlands\ClassicUO\Data\Client\MapIcons\2A-S.png
🔧 Ensuring icon exists: 2B-S
== Creating icon: 2B-S
Output folder: C:\Program Files (x86)\Ultima Online Outlands\ClassicUO\Data\Client\MapIcons
✅ Saved icon to: C:\Program Files (x86)\Ultima Online Outlands\ClassicUO\Data\Client\MapIcons\2B-S.png
🔧 Ensuring icon exists: 2D-S
== Creating icon: 2D-S
Output folder: C:\Program Files (x86)\Ultima Online Outlands\ClassicUO\Data\Client\MapIcons
✅ Saved icon to: C:\Program Files (x86)\Ultima Online Outlands\ClassicUO\Data\Client\MapIcons\2D-S.png
🔧 Ensuring icon exists: 3A-S
== Creating icon: 3A-S
Output folder: C:\Program Files (x86)\Ultima Online Outlands\ClassicUO\Data\Client\MapIcons
✅ Saved icon to: C:\Program Files (x86)\Ultima Online Outlands\ClassicUO\Data\Client\MapIcons\3A-S.png
🔧 Ensuring icon exists: 3B-S
== Creating icon: 3B-S
Output folder: C:\Program Files (x86)\Ultima Online Outlands\ClassicUO\Data\Client\MapIcons
✅ Saved icon to: C:\Program Files (x86)\Ultima Online Outlands\ClassicUO\Data\Client\MapIcons\3B-S.png
🔧 Ensuring icon exists: 3C-S
== Creating icon: 3C-S
Output folder: C:\Program Files (x86)\Ultima Online Outlands\ClassicUO\Data\Client\MapIcons
✅ Saved icon to: C:\Program Files (x86)\Ultima Online Outlands\ClassicUO\Data\Client\MapIcons\3C-S.png
🔧 Ensuring icon exists: 4A-S
== Creating icon: 4A-S
Output folder: C:\Program Files (x86)\Ultima Online Outlands\ClassicUO\Data\Client\MapIcons
✅ Saved icon to: C:\Program Files (x86)\Ultima Online Outlands\ClassicUO\Data\Client\MapIcons\4A-S.png
🔧 Ensuring icon exists: 4B-E
== Creating icon: 4B-E
Output folder: C:\Program Files (x86)\Ultima Online Outlands\ClassicUO\Data\Client\MapIcons
✅ Saved icon to: C:\Program Files (x86)\Ultima Online Outlands\ClassicUO\Data\Client\MapIcons\4B-E.png
🔧 Ensuring icon exists: 4C-E
== Creating icon: 4C-E
Output folder: C:\Program Files (x86)\Ultima Online Outlands\ClassicUO\Data\Client\MapIcons
✅ Saved icon to: C:\Program Files (x86)\Ultima Online Outlands\ClassicUO\Data\Client\MapIcons\4C-E.png
🔧 Ensuring icon exists: 4B-S
== Creating icon: 4B-S
Output folder: C:\Program Files (x86)\Ultima Online Outlands\ClassicUO\Data\Client\MapIcons
✅ Saved icon to: C:\Program Files (x86)\Ultima Online Outlands\ClassicUO\Data\Client\MapIcons\4B-S.png
🔧 Ensuring icon exists: 5A-S
== Creating icon: 5A-S
Output folder: C:\Program Files (x86)\Ultima Online Outlands\ClassicUO\Data\Client\MapIcons
✅ Saved icon to: C:\Program Files (x86)\Ultima Online Outlands\ClassicUO\Data\Client\MapIcons\5A-S.png
🔧 Ensuring icon exists: 5B-S
== Creating icon: 5B-S
Output folder: C:\Program Files (x86)\Ultima Online Outlands\ClassicUO\Data\Client\MapIcons
✅ Saved icon to: C:\Program Files (x86)\Ultima Online Outlands\ClassicUO\Data\Client\MapIcons\5B-S.png
🔧 Ensuring icon exists: 5C-S
== Creating icon: 5C-S
Output folder: C:\Program Files (x86)\Ultima Online Outlands\ClassicUO\Data\Client\MapIcons
✅ Saved icon to: C:\Program Files (x86)\Ultima Online Outlands\ClassicUO\Data\Client\MapIcons\5C-S.png
🔧 Ensuring icon exists: 5D-S
== Creating icon: 5D-S
Output folder: C:\Program Files (x86)\Ultima Online Outlands\ClassicUO\Data\Client\MapIcons
✅ Saved icon to: C:\Program Files (x86)\Ultima Online Outlands\ClassicUO\Data\Client\MapIcons\5D-S.png
🔧 Ensuring icon exists: 6A-S
== Creating icon: 6A-S
Output folder: C:\Program Files (x86)\Ultima Online Outlands\ClassicUO\Data\Client\MapIcons
✅ Saved icon to: C:\Program Files (x86)\Ultima Online Outlands\ClassicUO\Data\Client\MapIcons\6A-S.png
🔧 Ensuring icon exists: 6B-S
== Creating icon: 6B-S
Output folder: C:\Program Files (x86)\Ultima Online Outlands\ClassicUO\Data\Client\MapIcons
✅ Saved icon to: C:\Program Files (x86)\Ultima Online Outlands\ClassicUO\Data\Client\MapIcons\6B-S.png
🔧 Ensuring icon exists: 6C-S
== Creating icon: 6C-S
Output folder: C:\Program Files (x86)\Ultima Online Outlands\ClassicUO\Data\Client\MapIcons
✅ Saved icon to: C:\Program Files (x86)\Ultima Online Outlands\ClassicUO\Data\Client\MapIcons\6C-S.png
🔧 Ensuring icon exists: 7A-S
== Creating icon: 7A-S
Output folder: C:\Program Files (x86)\Ultima Online Outlands\ClassicUO\Data\Client\MapIcons
✅ Saved icon to: C:\Program Files (x86)\Ultima Online Outlands\ClassicUO\Data\Client\MapIcons\7A-S.png
🔧 Ensuring icon exists: 8A-S
== Creating icon: 8A-S
Output folder: C:\Program Files (x86)\Ultima Online Outlands\ClassicUO\Data\Client\MapIcons
✅ Saved icon to: C:\Program Files (x86)\Ultima Online Outlands\ClassicUO\Data\Client\MapIcons\8A-S.png
🔧 Ensuring icon exists: 11A-W
== Creating icon: 11A-W
Output folder: C:\Program Files (x86)\Ultima Online Outlands\ClassicUO\Data\Client\MapIcons
✅ Saved icon to: C:\Program Files (x86)\Ultima Online Outlands\ClassicUO\Data\Client\MapIcons\11A-W.png
🔧 Ensuring icon exists: 12A-W
== Creating icon: 12A-W
Output folder: C:\Program Files (x86)\Ultima Online Outlands\ClassicUO\Data\Client\MapIcons
✅ Saved icon to: C:\Program Files (x86)\Ultima Online Outlands\ClassicUO\Data\Client\MapIcons\12A-W.png
🔧 Ensuring icon exists: 12B-W
== Creating icon: 12B-W
Output folder: C:\Program Files (x86)\Ultima Online Outlands\ClassicUO\Data\Client\MapIcons
✅ Saved icon to: C:\Program Files (x86)\Ultima Online Outlands\ClassicUO\Data\Client\MapIcons\12B-W.png
🔧 Ensuring icon exists: 13A-W
== Creating icon: 13A-W
Output folder: C:\Program Files (x86)\Ultima Online Outlands\ClassicUO\Data\Client\MapIcons
✅ Saved icon to: C:\Program Files (x86)\Ultima Online Outlands\ClassicUO\Data\Client\MapIcons\13A-W.png
🔧 Ensuring icon exists: 1A-W
== Creating icon: 1A-W
Output folder: C:\Program Files (x86)\Ultima Online Outlands\ClassicUO\Data\Client\MapIcons
✅ Saved icon to: C:\Program Files (x86)\Ultima Online Outlands\ClassicUO\Data\Client\MapIcons\1A-W.png
🔧 Ensuring icon exists: 1B-W
== Creating icon: 1B-W
Output folder: C:\Program Files (x86)\Ultima Online Outlands\ClassicUO\Data\Client\MapIcons
✅ Saved icon to: C:\Program Files (x86)\Ultima Online Outlands\ClassicUO\Data\Client\MapIcons\1B-W.png
🔧 Ensuring icon exists: 2A-W
== Creating icon: 2A-W
Output folder: C:\Program Files (x86)\Ultima Online Outlands\ClassicUO\Data\Client\MapIcons
✅ Saved icon to: C:\Program Files (x86)\Ultima Online Outlands\ClassicUO\Data\Client\MapIcons\2A-W.png
🔧 Ensuring icon exists: 2B-W
== Creating icon: 2B-W
Output folder: C:\Program Files (x86)\Ultima Online Outlands\ClassicUO\Data\Client\MapIcons
✅ Saved icon to: C:\Program Files (x86)\Ultima Online Outlands\ClassicUO\Data\Client\MapIcons\2B-W.png
🔧 Ensuring icon exists: 3B-W
== Creating icon: 3B-W
Output folder: C:\Program Files (x86)\Ultima Online Outlands\ClassicUO\Data\Client\MapIcons
✅ Saved icon to: C:\Program Files (x86)\Ultima Online Outlands\ClassicUO\Data\Client\MapIcons\3B-W.png
🔧 Ensuring icon exists: 2C-W
== Creating icon: 2C-W
Output folder: C:\Program Files (x86)\Ultima Online Outlands\ClassicUO\Data\Client\MapIcons
✅ Saved icon to: C:\Program Files (x86)\Ultima Online Outlands\ClassicUO\Data\Client\MapIcons\2C-W.png
🔧 Ensuring icon exists: 2D-W
== Creating icon: 2D-W
Output folder: C:\Program Files (x86)\Ultima Online Outlands\ClassicUO\Data\Client\MapIcons
✅ Saved icon to: C:\Program Files (x86)\Ultima Online Outlands\ClassicUO\Data\Client\MapIcons\2D-W.png
🔧 Ensuring icon exists: 2E-W
== Creating icon: 2E-W
Output folder: C:\Program Files (x86)\Ultima Online Outlands\ClassicUO\Data\Client\MapIcons
✅ Saved icon to: C:\Program Files (x86)\Ultima Online Outlands\ClassicUO\Data\Client\MapIcons\2E-W.png
🔧 Ensuring icon exists: 2G-W
== Creating icon: 2G-W
Output folder: C:\Program Files (x86)\Ultima Online Outlands\ClassicUO\Data\Client\MapIcons
✅ Saved icon to: C:\Program Files (x86)\Ultima Online Outlands\ClassicUO\Data\Client\MapIcons\2G-W.png
🔧 Ensuring icon exists: 3A-W
== Creating icon: 3A-W
Output folder: C:\Program Files (x86)\Ultima Online Outlands\ClassicUO\Data\Client\MapIcons
✅ Saved icon to: C:\Program Files (x86)\Ultima Online Outlands\ClassicUO\Data\Client\MapIcons\3A-W.png
🔧 Ensuring icon exists: 4A-W
== Creating icon: 4A-W
Output folder: C:\Program Files (x86)\Ultima Online Outlands\ClassicUO\Data\Client\MapIcons
✅ Saved icon to: C:\Program Files (x86)\Ultima Online Outlands\ClassicUO\Data\Client\MapIcons\4A-W.png
🔧 Ensuring icon exists: 4B-W
== Creating icon: 4B-W
Output folder: C:\Program Files (x86)\Ultima Online Outlands\ClassicUO\Data\Client\MapIcons
✅ Saved icon to: C:\Program Files (x86)\Ultima Online Outlands\ClassicUO\Data\Client\MapIcons\4B-W.png
🔧 Ensuring icon exists: 6A-W
== Creating icon: 6A-W
Output folder: C:\Program Files (x86)\Ultima Online Outlands\ClassicUO\Data\Client\MapIcons
✅ Saved icon to: C:\Program Files (x86)\Ultima Online Outlands\ClassicUO\Data\Client\MapIcons\6A-W.png
🔧 Ensuring icon exists: 6B-W
== Creating icon: 6B-W
Output folder: C:\Program Files (x86)\Ultima Online Outlands\ClassicUO\Data\Client\MapIcons
✅ Saved icon to: C:\Program Files (x86)\Ultima Online Outlands\ClassicUO\Data\Client\MapIcons\6B-W.png
🔧 Ensuring icon exists: 6C-W
== Creating icon: 6C-W
Output folder: C:\Program Files (x86)\Ultima Online Outlands\ClassicUO\Data\Client\MapIcons
✅ Saved icon to: C:\Program Files (x86)\Ultima Online Outlands\ClassicUO\Data\Client\MapIcons\6C-W.png
🔧 Ensuring icon exists: 7A-W
== Creating icon: 7A-W
Output folder: C:\Program Files (x86)\Ultima Online Outlands\ClassicUO\Data\Client\MapIcons
✅ Saved icon to: C:\Program Files (x86)\Ultima Online Outlands\ClassicUO\Data\Client\MapIcons\7A-W.png
🔧 Ensuring icon exists: 7B-W
== Creating icon: 7B-W
Output folder: C:\Program Files (x86)\Ultima Online Outlands\ClassicUO\Data\Client\MapIcons
✅ Saved icon to: C:\Program Files (x86)\Ultima Online Outlands\ClassicUO\Data\Client\MapIcons\7B-W.png
🔧 Ensuring icon exists: 7C-W
== Creating icon: 7C-W
Output folder: C:\Program Files (x86)\Ultima Online Outlands\ClassicUO\Data\Client\MapIcons
✅ Saved icon to: C:\Program Files (x86)\Ultima Online Outlands\ClassicUO\Data\Client\MapIcons\7C-W.png
🔧 Ensuring icon exists: 7D-W
== Creating icon: 7D-W
Output folder: C:\Program Files (x86)\Ultima Online Outlands\ClassicUO\Data\Client\MapIcons
✅ Saved icon to: C:\Program Files (x86)\Ultima Online Outlands\ClassicUO\Data\Client\MapIcons\7D-W.png
🔧 Ensuring icon exists: 7E-W
== Creating icon: 7E-W
Output folder: C:\Program Files (x86)\Ultima Online Outlands\ClassicUO\Data\Client\MapIcons
✅ Saved icon to: C:\Program Files (x86)\Ultima Online Outlands\ClassicUO\Data\Client\MapIcons\7E-W.png
🔧 Ensuring icon exists: 8A-W
== Creating icon: 8A-W
Output folder: C:\Program Files (x86)\Ultima Online Outlands\ClassicUO\Data\Client\MapIcons
✅ Saved icon to: C:\Program Files (x86)\Ultima Online Outlands\ClassicUO\Data\Client\MapIcons\8A-W.png
🔧 Ensuring icon exists: 8B-W
== Creating icon: 8B-W
Output folder: C:\Program Files (x86)\Ultima Online Outlands\ClassicUO\Data\Client\MapIcons
✅ Saved icon to: C:\Program Files (x86)\Ultima Online Outlands\ClassicUO\Data\Client\MapIcons\8B-W.png
🔧 Ensuring icon exists: 8C-W
== Creating icon: 8C-W
Output folder: C:\Program Files (x86)\Ultima Online Outlands\ClassicUO\Data\Client\MapIcons
✅ Saved icon to: C:\Program Files (x86)\Ultima Online Outlands\ClassicUO\Data\Client\MapIcons\8C-W.png
🔧 Ensuring icon exists: 8D-W
== Creating icon: 8D-W
Output folder: C:\Program Files (x86)\Ultima Online Outlands\ClassicUO\Data\Client\MapIcons
✅ Saved icon to: C:\Program Files (x86)\Ultima Online Outlands\ClassicUO\Data\Client\MapIcons\8D-W.png
🔧 Ensuring icon exists: 8E-W
== Creating icon: 8E-W
Output folder: C:\Program Files (x86)\Ultima Online Outlands\ClassicUO\Data\Client\MapIcons
✅ Saved icon to: C:\Program Files (x86)\Ultima Online Outlands\ClassicUO\Data\Client\MapIcons\8E-W.png
🔧 Ensuring icon exists: 9A-W
== Creating icon: 9A-W
Output folder: C:\Program Files (x86)\Ultima Online Outlands\ClassicUO\Data\Client\MapIcons
✅ Saved icon to: C:\Program Files (x86)\Ultima Online Outlands\ClassicUO\Data\Client\MapIcons\9A-W.png
🔧 Ensuring icon exists: shipwright
🔧 Ensuring icon exists: shipwright
🔧 Ensuring icon exists: shipwright
🔧 Ensuring icon exists: XD10
== Creating icon: XD10
Output folder: C:\Program Files (x86)\Ultima Online Outlands\ClassicUO\Data\Client\MapIcons
✅ Saved icon to: C:\Program Files (x86)\Ultima Online Outlands\ClassicUO\Data\Client\MapIcons\XD10.png
🔧 Ensuring icon exists: XD11
== Creating icon: XD11
Output folder: C:\Program Files (x86)\Ultima Online Outlands\ClassicUO\Data\Client\MapIcons
✅ Saved icon to: C:\Program Files (x86)\Ultima Online Outlands\ClassicUO\Data\Client\MapIcons\XD11.png
🔧 Ensuring icon exists: XD12
== Creating icon: XD12
Output folder: C:\Program Files (x86)\Ultima Online Outlands\ClassicUO\Data\Client\MapIcons
✅ Saved icon to: C:\Program Files (x86)\Ultima Online Outlands\ClassicUO\Data\Client\MapIcons\XD12.png
🔧 Ensuring icon exists: XD13
== Creating icon: XD13
Output folder: C:\Program Files (x86)\Ultima Online Outlands\ClassicUO\Data\Client\MapIcons
✅ Saved icon to: C:\Program Files (x86)\Ultima Online Outlands\ClassicUO\Data\Client\MapIcons\XD13.png
🔧 Ensuring icon exists: XD14
== Creating icon: XD14
Output folder: C:\Program Files (x86)\Ultima Online Outlands\ClassicUO\Data\Client\MapIcons
✅ Saved icon to: C:\Program Files (x86)\Ultima Online Outlands\ClassicUO\Data\Client\MapIcons\XD14.png
🔧 Ensuring icon exists: XD1
== Creating icon: XD1
Output folder: C:\Program Files (x86)\Ultima Online Outlands\ClassicUO\Data\Client\MapIcons
✅ Saved icon to: C:\Program Files (x86)\Ultima Online Outlands\ClassicUO\Data\Client\MapIcons\XD1.png
🔧 Ensuring icon exists: XD2
== Creating icon: XD2
Output folder: C:\Program Files (x86)\Ultima Online Outlands\ClassicUO\Data\Client\MapIcons
✅ Saved icon to: C:\Program Files (x86)\Ultima Online Outlands\ClassicUO\Data\Client\MapIcons\XD2.png
🔧 Ensuring icon exists: XD3
== Creating icon: XD3
Output folder: C:\Program Files (x86)\Ultima Online Outlands\ClassicUO\Data\Client\MapIcons
✅ Saved icon to: C:\Program Files (x86)\Ultima Online Outlands\ClassicUO\Data\Client\MapIcons\XD3.png
🔧 Ensuring icon exists: XD4
== Creating icon: XD4
Output folder: C:\Program Files (x86)\Ultima Online Outlands\ClassicUO\Data\Client\MapIcons
✅ Saved icon to: C:\Program Files (x86)\Ultima Online Outlands\ClassicUO\Data\Client\MapIcons\XD4.png
🔧 Ensuring icon exists: XD7
== Creating icon: XD7
Output folder: C:\Program Files (x86)\Ultima Online Outlands\ClassicUO\Data\Client\MapIcons
✅ Saved icon to: C:\Program Files (x86)\Ultima Online Outlands\ClassicUO\Data\Client\MapIcons\XD7.png
🔧 Ensuring icon exists: XD8
== Creating icon: XD8
Output folder: C:\Program Files (x86)\Ultima Online Outlands\ClassicUO\Data\Client\MapIcons
✅ Saved icon to: C:\Program Files (x86)\Ultima Online Outlands\ClassicUO\Data\Client\MapIcons\XD8.png
🔧 Ensuring icon exists: XD9
== Creating icon: XD9
Output folder: C:\Program Files (x86)\Ultima Online Outlands\ClassicUO\Data\Client\MapIcons
✅ Saved icon to: C:\Program Files (x86)\Ultima Online Outlands\ClassicUO\Data\Client\MapIcons\XD9.png
🔧 Ensuring icon exists: XP1
== Creating icon: XP1
Output folder: C:\Program Files (x86)\Ultima Online Outlands\ClassicUO\Data\Client\MapIcons
✅ Saved icon to: C:\Program Files (x86)\Ultima Online Outlands\ClassicUO\Data\Client\MapIcons\XP1.png
🔧 Ensuring icon exists: XP2
== Creating icon: XP2
Output folder: C:\Program Files (x86)\Ultima Online Outlands\ClassicUO\Data\Client\MapIcons
✅ Saved icon to: C:\Program Files (x86)\Ultima Online Outlands\ClassicUO\Data\Client\MapIcons\XP2.png
🔧 Ensuring icon exists: XP3
== Creating icon: XP3
Output folder: C:\Program Files (x86)\Ultima Online Outlands\ClassicUO\Data\Client\MapIcons
✅ Saved icon to: C:\Program Files (x86)\Ultima Online Outlands\ClassicUO\Data\Client\MapIcons\XP3.png
✅ Parsed and sorted 115 markers from GG DOCKMASTERS.txt
💾 Writing XML to: C:\Program Files (x86)\Ultima Online Outlands\ClassicUO\Data\Client\GG_Dockmasters.xml
🎉 GG_Dockmasters.xml written successfully.
🌐 Fetching: PUBLIC DOCKMASTERS.txt → https://raw.githubusercontent.com/LeoPiro/GG_Dms/main/PUBLIC%20DOCKMASTERS.txt
📄 Downloaded 20 lines from PUBLIC DOCKMASTERS.txt
🔧 Ensuring icon exists: PUB1
== Creating icon: PUB1
Output folder: C:\Program Files (x86)\Ultima Online Outlands\ClassicUO\Data\Client\MapIcons
✅ Saved icon to: C:\Program Files (x86)\Ultima Online Outlands\ClassicUO\Data\Client\MapIcons\PUB1.png
🔧 Ensuring icon exists: PUB2
== Creating icon: PUB2
Output folder: C:\Program Files (x86)\Ultima Online Outlands\ClassicUO\Data\Client\MapIcons
✅ Saved icon to: C:\Program Files (x86)\Ultima Online Outlands\ClassicUO\Data\Client\MapIcons\PUB2.png
🔧 Ensuring icon exists: PUB3
== Creating icon: PUB3
Output folder: C:\Program Files (x86)\Ultima Online Outlands\ClassicUO\Data\Client\MapIcons
✅ Saved icon to: C:\Program Files (x86)\Ultima Online Outlands\ClassicUO\Data\Client\MapIcons\PUB3.png
🔧 Ensuring icon exists: PUB4
== Creating icon: PUB4
Output folder: C:\Program Files (x86)\Ultima Online Outlands\ClassicUO\Data\Client\MapIcons
✅ Saved icon to: C:\Program Files (x86)\Ultima Online Outlands\ClassicUO\Data\Client\MapIcons\PUB4.png
🔧 Ensuring icon exists: PUB5
== Creating icon: PUB5
Output folder: C:\Program Files (x86)\Ultima Online Outlands\ClassicUO\Data\Client\MapIcons
✅ Saved icon to: C:\Program Files (x86)\Ultima Online Outlands\ClassicUO\Data\Client\MapIcons\PUB5.png
🔧 Ensuring icon exists: PUB6
== Creating icon: PUB6
Output folder: C:\Program Files (x86)\Ultima Online Outlands\ClassicUO\Data\Client\MapIcons
✅ Saved icon to: C:\Program Files (x86)\Ultima Online Outlands\ClassicUO\Data\Client\MapIcons\PUB6.png
🔧 Ensuring icon exists: PUB7
== Creating icon: PUB7
Output folder: C:\Program Files (x86)\Ultima Online Outlands\ClassicUO\Data\Client\MapIcons
✅ Saved icon to: C:\Program Files (x86)\Ultima Online Outlands\ClassicUO\Data\Client\MapIcons\PUB7.png
🔧 Ensuring icon exists: PUB8
== Creating icon: PUB8
Output folder: C:\Program Files (x86)\Ultima Online Outlands\ClassicUO\Data\Client\MapIcons
✅ Saved icon to: C:\Program Files (x86)\Ultima Online Outlands\ClassicUO\Data\Client\MapIcons\PUB8.png
🔧 Ensuring icon exists: PUB9
== Creating icon: PUB9
Output folder: C:\Program Files (x86)\Ultima Online Outlands\ClassicUO\Data\Client\MapIcons
✅ Saved icon to: C:\Program Files (x86)\Ultima Online Outlands\ClassicUO\Data\Client\MapIcons\PUB9.png
🔧 Ensuring icon exists: PUB10
== Creating icon: PUB10
Output folder: C:\Program Files (x86)\Ultima Online Outlands\ClassicUO\Data\Client\MapIcons
✅ Saved icon to: C:\Program Files (x86)\Ultima Online Outlands\ClassicUO\Data\Client\MapIcons\PUB10.png
🔧 Ensuring icon exists: PUB11
== Creating icon: PUB11
Output folder: C:\Program Files (x86)\Ultima Online Outlands\ClassicUO\Data\Client\MapIcons
✅ Saved icon to: C:\Program Files (x86)\Ultima Online Outlands\ClassicUO\Data\Client\MapIcons\PUB11.png
🔧 Ensuring icon exists: PUB12
== Creating icon: PUB12
Output folder: C:\Program Files (x86)\Ultima Online Outlands\ClassicUO\Data\Client\MapIcons
✅ Saved icon to: C:\Program Files (x86)\Ultima Online Outlands\ClassicUO\Data\Client\MapIcons\PUB12.png
🔧 Ensuring icon exists: PUB13
== Creating icon: PUB13
Output folder: C:\Program Files (x86)\Ultima Online Outlands\ClassicUO\Data\Client\MapIcons
✅ Saved icon to: C:\Program Files (x86)\Ultima Online Outlands\ClassicUO\Data\Client\MapIcons\PUB13.png
🔧 Ensuring icon exists: PUB14
== Creating icon: PUB14
Output folder: C:\Program Files (x86)\Ultima Online Outlands\ClassicUO\Data\Client\MapIcons
✅ Saved icon to: C:\Program Files (x86)\Ultima Online Outlands\ClassicUO\Data\Client\MapIcons\PUB14.png
🔧 Ensuring icon exists: PUB15
== Creating icon: PUB15
Output folder: C:\Program Files (x86)\Ultima Online Outlands\ClassicUO\Data\Client\MapIcons
✅ Saved icon to: C:\Program Files (x86)\Ultima Online Outlands\ClassicUO\Data\Client\MapIcons\PUB15.png
🔧 Ensuring icon exists: PUB17
== Creating icon: PUB17
Output folder: C:\Program Files (x86)\Ultima Online Outlands\ClassicUO\Data\Client\MapIcons
✅ Saved icon to: C:\Program Files (x86)\Ultima Online Outlands\ClassicUO\Data\Client\MapIcons\PUB17.png
🔧 Ensuring icon exists: PUB-X1
== Creating icon: PUB-X1
Output folder: C:\Program Files (x86)\Ultima Online Outlands\ClassicUO\Data\Client\MapIcons
✅ Saved icon to: C:\Program Files (x86)\Ultima Online Outlands\ClassicUO\Data\Client\MapIcons\PUB-X1.png
🔧 Ensuring icon exists: PUB-X2
== Creating icon: PUB-X2
Output folder: C:\Program Files (x86)\Ultima Online Outlands\ClassicUO\Data\Client\MapIcons
✅ Saved icon to: C:\Program Files (x86)\Ultima Online Outlands\ClassicUO\Data\Client\MapIcons\PUB-X2.png
🔧 Ensuring icon exists: PUB-X3
== Creating icon: PUB-X3
Output folder: C:\Program Files (x86)\Ultima Online Outlands\ClassicUO\Data\Client\MapIcons
✅ Saved icon to: C:\Program Files (x86)\Ultima Online Outlands\ClassicUO\Data\Client\MapIcons\PUB-X3.png
🔧 Ensuring icon exists: PUB-X4
== Creating icon: PUB-X4
Output folder: C:\Program Files (x86)\Ultima Online Outlands\ClassicUO\Data\Client\MapIcons
✅ Saved icon to: C:\Program Files (x86)\Ultima Online Outlands\ClassicUO\Data\Client\MapIcons\PUB-X4.png
✅ Parsed and sorted 20 markers from PUBLIC DOCKMASTERS.txt
💾 Writing XML to: C:\Program Files (x86)\Ultima Online Outlands\ClassicUO\Data\Client\Public_Dockmasters.xml
🎉 Public_Dockmasters.xml written successfully.
🌐 Fetching: TREASURE.txt → https://raw.githubusercontent.com/LeoPiro/GG_Dms/main/TREASURE.txt
📄 Downloaded 503 lines from TREASURE.txt
🔧 Ensuring icon exists: N1
== Creating icon: N1
Output folder: C:\Program Files (x86)\Ultima Online Outlands\ClassicUO\Data\Client\MapIcons
✅ Saved icon to: C:\Program Files (x86)\Ultima Online Outlands\ClassicUO\Data\Client\MapIcons\N1.png
🔧 Ensuring icon exists: N2
== Creating icon: N2
Output folder: C:\Program Files (x86)\Ultima Online Outlands\ClassicUO\Data\Client\MapIcons
✅ Saved icon to: C:\Program Files (x86)\Ultima Online Outlands\ClassicUO\Data\Client\MapIcons\N2.png
🔧 Ensuring icon exists: N3
== Creating icon: N3
Output folder: C:\Program Files (x86)\Ultima Online Outlands\ClassicUO\Data\Client\MapIcons
✅ Saved icon to: C:\Program Files (x86)\Ultima Online Outlands\ClassicUO\Data\Client\MapIcons\N3.png
🔧 Ensuring icon exists: N4
== Creating icon: N4
Output folder: C:\Program Files (x86)\Ultima Online Outlands\ClassicUO\Data\Client\MapIcons
✅ Saved icon to: C:\Program Files (x86)\Ultima Online Outlands\ClassicUO\Data\Client\MapIcons\N4.png
🔧 Ensuring icon exists: N5
== Creating icon: N5
Output folder: C:\Program Files (x86)\Ultima Online Outlands\ClassicUO\Data\Client\MapIcons
✅ Saved icon to: C:\Program Files (x86)\Ultima Online Outlands\ClassicUO\Data\Client\MapIcons\N5.png
🔧 Ensuring icon exists: N6
== Creating icon: N6
Output folder: C:\Program Files (x86)\Ultima Online Outlands\ClassicUO\Data\Client\MapIcons
✅ Saved icon to: C:\Program Files (x86)\Ultima Online Outlands\ClassicUO\Data\Client\MapIcons\N6.png
🔧 Ensuring icon exists: N7
== Creating icon: N7
Output folder: C:\Program Files (x86)\Ultima Online Outlands\ClassicUO\Data\Client\MapIcons
✅ Saved icon to: C:\Program Files (x86)\Ultima Online Outlands\ClassicUO\Data\Client\MapIcons\N7.png
🔧 Ensuring icon exists: N8
== Creating icon: N8
Output folder: C:\Program Files (x86)\Ultima Online Outlands\ClassicUO\Data\Client\MapIcons
✅ Saved icon to: C:\Program Files (x86)\Ultima Online Outlands\ClassicUO\Data\Client\MapIcons\N8.png
🔧 Ensuring icon exists: N9
== Creating icon: N9
Output folder: C:\Program Files (x86)\Ultima Online Outlands\ClassicUO\Data\Client\MapIcons
✅ Saved icon to: C:\Program Files (x86)\Ultima Online Outlands\ClassicUO\Data\Client\MapIcons\N9.png
🔧 Ensuring icon exists: N10
== Creating icon: N10
Output folder: C:\Program Files (x86)\Ultima Online Outlands\ClassicUO\Data\Client\MapIcons
✅ Saved icon to: C:\Program Files (x86)\Ultima Online Outlands\ClassicUO\Data\Client\MapIcons\N10.png
🔧 Ensuring icon exists: N11
== Creating icon: N11
Output folder: C:\Program Files (x86)\Ultima Online Outlands\ClassicUO\Data\Client\MapIcons
✅ Saved icon to: C:\Program Files (x86)\Ultima Online Outlands\ClassicUO\Data\Client\MapIcons\N11.png
🔧 Ensuring icon exists: N12
== Creating icon: N12
Output folder: C:\Program Files (x86)\Ultima Online Outlands\ClassicUO\Data\Client\MapIcons
✅ Saved icon to: C:\Program Files (x86)\Ultima Online Outlands\ClassicUO\Data\Client\MapIcons\N12.png
🔧 Ensuring icon exists: N13
== Creating icon: N13
Output folder: C:\Program Files (x86)\Ultima Online Outlands\ClassicUO\Data\Client\MapIcons
✅ Saved icon to: C:\Program Files (x86)\Ultima Online Outlands\ClassicUO\Data\Client\MapIcons\N13.png
🔧 Ensuring icon exists: N14
== Creating icon: N14
Output folder: C:\Program Files (x86)\Ultima Online Outlands\ClassicUO\Data\Client\MapIcons
✅ Saved icon to: C:\Program Files (x86)\Ultima Online Outlands\ClassicUO\Data\Client\MapIcons\N14.png
🔧 Ensuring icon exists: N15
== Creating icon: N15
Output folder: C:\Program Files (x86)\Ultima Online Outlands\ClassicUO\Data\Client\MapIcons
✅ Saved icon to: C:\Program Files (x86)\Ultima Online Outlands\ClassicUO\Data\Client\MapIcons\N15.png
🔧 Ensuring icon exists: N16
== Creating icon: N16
Output folder: C:\Program Files (x86)\Ultima Online Outlands\ClassicUO\Data\Client\MapIcons
✅ Saved icon to: C:\Program Files (x86)\Ultima Online Outlands\ClassicUO\Data\Client\MapIcons\N16.png
🔧 Ensuring icon exists: N17
== Creating icon: N17
Output folder: C:\Program Files (x86)\Ultima Online Outlands\ClassicUO\Data\Client\MapIcons
✅ Saved icon to: C:\Program Files (x86)\Ultima Online Outlands\ClassicUO\Data\Client\MapIcons\N17.png
🔧 Ensuring icon exists: N18
== Creating icon: N18
Output folder: C:\Program Files (x86)\Ultima Online Outlands\ClassicUO\Data\Client\MapIcons
✅ Saved icon to: C:\Program Files (x86)\Ultima Online Outlands\ClassicUO\Data\Client\MapIcons\N18.png
🔧 Ensuring icon exists: N19
== Creating icon: N19
Output folder: C:\Program Files (x86)\Ultima Online Outlands\ClassicUO\Data\Client\MapIcons
✅ Saved icon to: C:\Program Files (x86)\Ultima Online Outlands\ClassicUO\Data\Client\MapIcons\N19.png
🔧 Ensuring icon exists: N20
== Creating icon: N20
Output folder: C:\Program Files (x86)\Ultima Online Outlands\ClassicUO\Data\Client\MapIcons
✅ Saved icon to: C:\Program Files (x86)\Ultima Online Outlands\ClassicUO\Data\Client\MapIcons\N20.png
🔧 Ensuring icon exists: N21
== Creating icon: N21
Output folder: C:\Program Files (x86)\Ultima Online Outlands\ClassicUO\Data\Client\MapIcons
✅ Saved icon to: C:\Program Files (x86)\Ultima Online Outlands\ClassicUO\Data\Client\MapIcons\N21.png
🔧 Ensuring icon exists: N22
== Creating icon: N22
Output folder: C:\Program Files (x86)\Ultima Online Outlands\ClassicUO\Data\Client\MapIcons
✅ Saved icon to: C:\Program Files (x86)\Ultima Online Outlands\ClassicUO\Data\Client\MapIcons\N22.png
🔧 Ensuring icon exists: N23
== Creating icon: N23
Output folder: C:\Program Files (x86)\Ultima Online Outlands\ClassicUO\Data\Client\MapIcons
✅ Saved icon to: C:\Program Files (x86)\Ultima Online Outlands\ClassicUO\Data\Client\MapIcons\N23.png
🔧 Ensuring icon exists: N24
== Creating icon: N24
Output folder: C:\Program Files (x86)\Ultima Online Outlands\ClassicUO\Data\Client\MapIcons
✅ Saved icon to: C:\Program Files (x86)\Ultima Online Outlands\ClassicUO\Data\Client\MapIcons\N24.png
🔧 Ensuring icon exists: N25
== Creating icon: N25
Output folder: C:\Program Files (x86)\Ultima Online Outlands\ClassicUO\Data\Client\MapIcons
✅ Saved icon to: C:\Program Files (x86)\Ultima Online Outlands\ClassicUO\Data\Client\MapIcons\N25.png
🔧 Ensuring icon exists: N26
== Creating icon: N26
Output folder: C:\Program Files (x86)\Ultima Online Outlands\ClassicUO\Data\Client\MapIcons
✅ Saved icon to: C:\Program Files (x86)\Ultima Online Outlands\ClassicUO\Data\Client\MapIcons\N26.png
🔧 Ensuring icon exists: N27
== Creating icon: N27
Output folder: C:\Program Files (x86)\Ultima Online Outlands\ClassicUO\Data\Client\MapIcons
✅ Saved icon to: C:\Program Files (x86)\Ultima Online Outlands\ClassicUO\Data\Client\MapIcons\N27.png
🔧 Ensuring icon exists: N28
== Creating icon: N28
Output folder: C:\Program Files (x86)\Ultima Online Outlands\ClassicUO\Data\Client\MapIcons
✅ Saved icon to: C:\Program Files (x86)\Ultima Online Outlands\ClassicUO\Data\Client\MapIcons\N28.png
🔧 Ensuring icon exists: N29
== Creating icon: N29
Output folder: C:\Program Files (x86)\Ultima Online Outlands\ClassicUO\Data\Client\MapIcons
✅ Saved icon to: C:\Program Files (x86)\Ultima Online Outlands\ClassicUO\Data\Client\MapIcons\N29.png
🔧 Ensuring icon exists: N30
== Creating icon: N30
Output folder: C:\Program Files (x86)\Ultima Online Outlands\ClassicUO\Data\Client\MapIcons
✅ Saved icon to: C:\Program Files (x86)\Ultima Online Outlands\ClassicUO\Data\Client\MapIcons\N30.png
🔧 Ensuring icon exists: N31
== Creating icon: N31
Output folder: C:\Program Files (x86)\Ultima Online Outlands\ClassicUO\Data\Client\MapIcons
✅ Saved icon to: C:\Program Files (x86)\Ultima Online Outlands\ClassicUO\Data\Client\MapIcons\N31.png
🔧 Ensuring icon exists: N32
== Creating icon: N32
Output folder: C:\Program Files (x86)\Ultima Online Outlands\ClassicUO\Data\Client\MapIcons
✅ Saved icon to: C:\Program Files (x86)\Ultima Online Outlands\ClassicUO\Data\Client\MapIcons\N32.png
🔧 Ensuring icon exists: N33
== Creating icon: N33
Output folder: C:\Program Files (x86)\Ultima Online Outlands\ClassicUO\Data\Client\MapIcons
✅ Saved icon to: C:\Program Files (x86)\Ultima Online Outlands\ClassicUO\Data\Client\MapIcons\N33.png
🔧 Ensuring icon exists: N34
== Creating icon: N34
Output folder: C:\Program Files (x86)\Ultima Online Outlands\ClassicUO\Data\Client\MapIcons
✅ Saved icon to: C:\Program Files (x86)\Ultima Online Outlands\ClassicUO\Data\Client\MapIcons\N34.png
🔧 Ensuring icon exists: N35
== Creating icon: N35
Output folder: C:\Program Files (x86)\Ultima Online Outlands\ClassicUO\Data\Client\MapIcons
✅ Saved icon to: C:\Program Files (x86)\Ultima Online Outlands\ClassicUO\Data\Client\MapIcons\N35.png
🔧 Ensuring icon exists: N36
== Creating icon: N36
Output folder: C:\Program Files (x86)\Ultima Online Outlands\ClassicUO\Data\Client\MapIcons
✅ Saved icon to: C:\Program Files (x86)\Ultima Online Outlands\ClassicUO\Data\Client\MapIcons\N36.png
🔧 Ensuring icon exists: N37
== Creating icon: N37
Output folder: C:\Program Files (x86)\Ultima Online Outlands\ClassicUO\Data\Client\MapIcons
✅ Saved icon to: C:\Program Files (x86)\Ultima Online Outlands\ClassicUO\Data\Client\MapIcons\N37.png
🔧 Ensuring icon exists: N38
== Creating icon: N38
Output folder: C:\Program Files (x86)\Ultima Online Outlands\ClassicUO\Data\Client\MapIcons
✅ Saved icon to: C:\Program Files (x86)\Ultima Online Outlands\ClassicUO\Data\Client\MapIcons\N38.png
🔧 Ensuring icon exists: N39
== Creating icon: N39
Output folder: C:\Program Files (x86)\Ultima Online Outlands\ClassicUO\Data\Client\MapIcons
✅ Saved icon to: C:\Program Files (x86)\Ultima Online Outlands\ClassicUO\Data\Client\MapIcons\N39.png
🔧 Ensuring icon exists: N40
== Creating icon: N40
Output folder: C:\Program Files (x86)\Ultima Online Outlands\ClassicUO\Data\Client\MapIcons
✅ Saved icon to: C:\Program Files (x86)\Ultima Online Outlands\ClassicUO\Data\Client\MapIcons\N40.png
🔧 Ensuring icon exists: N41
== Creating icon: N41
Output folder: C:\Program Files (x86)\Ultima Online Outlands\ClassicUO\Data\Client\MapIcons
✅ Saved icon to: C:\Program Files (x86)\Ultima Online Outlands\ClassicUO\Data\Client\MapIcons\N41.png
🔧 Ensuring icon exists: N42
== Creating icon: N42
Output folder: C:\Program Files (x86)\Ultima Online Outlands\ClassicUO\Data\Client\MapIcons
✅ Saved icon to: C:\Program Files (x86)\Ultima Online Outlands\ClassicUO\Data\Client\MapIcons\N42.png
🔧 Ensuring icon exists: N43
== Creating icon: N43
Output folder: C:\Program Files (x86)\Ultima Online Outlands\ClassicUO\Data\Client\MapIcons
✅ Saved icon to: C:\Program Files (x86)\Ultima Online Outlands\ClassicUO\Data\Client\MapIcons\N43.png
🔧 Ensuring icon exists: N44
== Creating icon: N44
Output folder: C:\Program Files (x86)\Ultima Online Outlands\ClassicUO\Data\Client\MapIcons
✅ Saved icon to: C:\Program Files (x86)\Ultima Online Outlands\ClassicUO\Data\Client\MapIcons\N44.png
🔧 Ensuring icon exists: N45
== Creating icon: N45
Output folder: C:\Program Files (x86)\Ultima Online Outlands\ClassicUO\Data\Client\MapIcons
✅ Saved icon to: C:\Program Files (x86)\Ultima Online Outlands\ClassicUO\Data\Client\MapIcons\N45.png
🔧 Ensuring icon exists: N46
== Creating icon: N46
Output folder: C:\Program Files (x86)\Ultima Online Outlands\ClassicUO\Data\Client\MapIcons
✅ Saved icon to: C:\Program Files (x86)\Ultima Online Outlands\ClassicUO\Data\Client\MapIcons\N46.png
🔧 Ensuring icon exists: N47
== Creating icon: N47
Output folder: C:\Program Files (x86)\Ultima Online Outlands\ClassicUO\Data\Client\MapIcons
✅ Saved icon to: C:\Program Files (x86)\Ultima Online Outlands\ClassicUO\Data\Client\MapIcons\N47.png
🔧 Ensuring icon exists: N48
== Creating icon: N48
Output folder: C:\Program Files (x86)\Ultima Online Outlands\ClassicUO\Data\Client\MapIcons
✅ Saved icon to: C:\Program Files (x86)\Ultima Online Outlands\ClassicUO\Data\Client\MapIcons\N48.png
🔧 Ensuring icon exists: N49
== Creating icon: N49
Output folder: C:\Program Files (x86)\Ultima Online Outlands\ClassicUO\Data\Client\MapIcons
✅ Saved icon to: C:\Program Files (x86)\Ultima Online Outlands\ClassicUO\Data\Client\MapIcons\N49.png
🔧 Ensuring icon exists: N50
== Creating icon: N50
Output folder: C:\Program Files (x86)\Ultima Online Outlands\ClassicUO\Data\Client\MapIcons
✅ Saved icon to: C:\Program Files (x86)\Ultima Online Outlands\ClassicUO\Data\Client\MapIcons\N50.png
🔧 Ensuring icon exists: N51
== Creating icon: N51
Output folder: C:\Program Files (x86)\Ultima Online Outlands\ClassicUO\Data\Client\MapIcons
✅ Saved icon to: C:\Program Files (x86)\Ultima Online Outlands\ClassicUO\Data\Client\MapIcons\N51.png
🔧 Ensuring icon exists: N52
== Creating icon: N52
Output folder: C:\Program Files (x86)\Ultima Online Outlands\ClassicUO\Data\Client\MapIcons
✅ Saved icon to: C:\Program Files (x86)\Ultima Online Outlands\ClassicUO\Data\Client\MapIcons\N52.png
🔧 Ensuring icon exists: N53
== Creating icon: N53
Output folder: C:\Program Files (x86)\Ultima Online Outlands\ClassicUO\Data\Client\MapIcons
✅ Saved icon to: C:\Program Files (x86)\Ultima Online Outlands\ClassicUO\Data\Client\MapIcons\N53.png
🔧 Ensuring icon exists: N54
== Creating icon: N54
Output folder: C:\Program Files (x86)\Ultima Online Outlands\ClassicUO\Data\Client\MapIcons
✅ Saved icon to: C:\Program Files (x86)\Ultima Online Outlands\ClassicUO\Data\Client\MapIcons\N54.png
🔧 Ensuring icon exists: N55
== Creating icon: N55
Output folder: C:\Program Files (x86)\Ultima Online Outlands\ClassicUO\Data\Client\MapIcons
✅ Saved icon to: C:\Program Files (x86)\Ultima Online Outlands\ClassicUO\Data\Client\MapIcons\N55.png
🔧 Ensuring icon exists: N56
== Creating icon: N56
Output folder: C:\Program Files (x86)\Ultima Online Outlands\ClassicUO\Data\Client\MapIcons
✅ Saved icon to: C:\Program Files (x86)\Ultima Online Outlands\ClassicUO\Data\Client\MapIcons\N56.png
🔧 Ensuring icon exists: N57
== Creating icon: N57
Output folder: C:\Program Files (x86)\Ultima Online Outlands\ClassicUO\Data\Client\MapIcons
✅ Saved icon to: C:\Program Files (x86)\Ultima Online Outlands\ClassicUO\Data\Client\MapIcons\N57.png
🔧 Ensuring icon exists: N58
== Creating icon: N58
Output folder: C:\Program Files (x86)\Ultima Online Outlands\ClassicUO\Data\Client\MapIcons
✅ Saved icon to: C:\Program Files (x86)\Ultima Online Outlands\ClassicUO\Data\Client\MapIcons\N58.png
🔧 Ensuring icon exists: N59
== Creating icon: N59
Output folder: C:\Program Files (x86)\Ultima Online Outlands\ClassicUO\Data\Client\MapIcons
✅ Saved icon to: C:\Program Files (x86)\Ultima Online Outlands\ClassicUO\Data\Client\MapIcons\N59.png
🔧 Ensuring icon exists: N60
== Creating icon: N60
Output folder: C:\Program Files (x86)\Ultima Online Outlands\ClassicUO\Data\Client\MapIcons
✅ Saved icon to: C:\Program Files (x86)\Ultima Online Outlands\ClassicUO\Data\Client\MapIcons\N60.png
🔧 Ensuring icon exists: N61
== Creating icon: N61
Output folder: C:\Program Files (x86)\Ultima Online Outlands\ClassicUO\Data\Client\MapIcons
✅ Saved icon to: C:\Program Files (x86)\Ultima Online Outlands\ClassicUO\Data\Client\MapIcons\N61.png
🔧 Ensuring icon exists: N62
== Creating icon: N62
Output folder: C:\Program Files (x86)\Ultima Online Outlands\ClassicUO\Data\Client\MapIcons
✅ Saved icon to: C:\Program Files (x86)\Ultima Online Outlands\ClassicUO\Data\Client\MapIcons\N62.png
🔧 Ensuring icon exists: N63
== Creating icon: N63
Output folder: C:\Program Files (x86)\Ultima Online Outlands\ClassicUO\Data\Client\MapIcons
✅ Saved icon to: C:\Program Files (x86)\Ultima Online Outlands\ClassicUO\Data\Client\MapIcons\N63.png
🔧 Ensuring icon exists: N64
== Creating icon: N64
Output folder: C:\Program Files (x86)\Ultima Online Outlands\ClassicUO\Data\Client\MapIcons
✅ Saved icon to: C:\Program Files (x86)\Ultima Online Outlands\ClassicUO\Data\Client\MapIcons\N64.png
🔧 Ensuring icon exists: N65
== Creating icon: N65
Output folder: C:\Program Files (x86)\Ultima Online Outlands\ClassicUO\Data\Client\MapIcons
✅ Saved icon to: C:\Program Files (x86)\Ultima Online Outlands\ClassicUO\Data\Client\MapIcons\N65.png
🔧 Ensuring icon exists: N66
== Creating icon: N66
Output folder: C:\Program Files (x86)\Ultima Online Outlands\ClassicUO\Data\Client\MapIcons
✅ Saved icon to: C:\Program Files (x86)\Ultima Online Outlands\ClassicUO\Data\Client\MapIcons\N66.png
🔧 Ensuring icon exists: N67
== Creating icon: N67
Output folder: C:\Program Files (x86)\Ultima Online Outlands\ClassicUO\Data\Client\MapIcons
✅ Saved icon to: C:\Program Files (x86)\Ultima Online Outlands\ClassicUO\Data\Client\MapIcons\N67.png
🔧 Ensuring icon exists: N68
== Creating icon: N68
Output folder: C:\Program Files (x86)\Ultima Online Outlands\ClassicUO\Data\Client\MapIcons
✅ Saved icon to: C:\Program Files (x86)\Ultima Online Outlands\ClassicUO\Data\Client\MapIcons\N68.png
🔧 Ensuring icon exists: N69
== Creating icon: N69
Output folder: C:\Program Files (x86)\Ultima Online Outlands\ClassicUO\Data\Client\MapIcons
✅ Saved icon to: C:\Program Files (x86)\Ultima Online Outlands\ClassicUO\Data\Client\MapIcons\N69.png
🔧 Ensuring icon exists: N70
== Creating icon: N70
Output folder: C:\Program Files (x86)\Ultima Online Outlands\ClassicUO\Data\Client\MapIcons
✅ Saved icon to: C:\Program Files (x86)\Ultima Online Outlands\ClassicUO\Data\Client\MapIcons\N70.png
🔧 Ensuring icon exists: N71
== Creating icon: N71
Output folder: C:\Program Files (x86)\Ultima Online Outlands\ClassicUO\Data\Client\MapIcons
✅ Saved icon to: C:\Program Files (x86)\Ultima Online Outlands\ClassicUO\Data\Client\MapIcons\N71.png
🔧 Ensuring icon exists: N72
== Creating icon: N72
Output folder: C:\Program Files (x86)\Ultima Online Outlands\ClassicUO\Data\Client\MapIcons
✅ Saved icon to: C:\Program Files (x86)\Ultima Online Outlands\ClassicUO\Data\Client\MapIcons\N72.png
🔧 Ensuring icon exists: N73
== Creating icon: N73
Output folder: C:\Program Files (x86)\Ultima Online Outlands\ClassicUO\Data\Client\MapIcons
✅ Saved icon to: C:\Program Files (x86)\Ultima Online Outlands\ClassicUO\Data\Client\MapIcons\N73.png
🔧 Ensuring icon exists: N74
== Creating icon: N74
Output folder: C:\Program Files (x86)\Ultima Online Outlands\ClassicUO\Data\Client\MapIcons
✅ Saved icon to: C:\Program Files (x86)\Ultima Online Outlands\ClassicUO\Data\Client\MapIcons\N74.png
🔧 Ensuring icon exists: N75
== Creating icon: N75
Output folder: C:\Program Files (x86)\Ultima Online Outlands\ClassicUO\Data\Client\MapIcons
✅ Saved icon to: C:\Program Files (x86)\Ultima Online Outlands\ClassicUO\Data\Client\MapIcons\N75.png
🔧 Ensuring icon exists: E1
== Creating icon: E1
Output folder: C:\Program Files (x86)\Ultima Online Outlands\ClassicUO\Data\Client\MapIcons
✅ Saved icon to: C:\Program Files (x86)\Ultima Online Outlands\ClassicUO\Data\Client\MapIcons\E1.png
🔧 Ensuring icon exists: E2
== Creating icon: E2
Output folder: C:\Program Files (x86)\Ultima Online Outlands\ClassicUO\Data\Client\MapIcons
✅ Saved icon to: C:\Program Files (x86)\Ultima Online Outlands\ClassicUO\Data\Client\MapIcons\E2.png
🔧 Ensuring icon exists: E3
== Creating icon: E3
Output folder: C:\Program Files (x86)\Ultima Online Outlands\ClassicUO\Data\Client\MapIcons
✅ Saved icon to: C:\Program Files (x86)\Ultima Online Outlands\ClassicUO\Data\Client\MapIcons\E3.png
🔧 Ensuring icon exists: E4
== Creating icon: E4
Output folder: C:\Program Files (x86)\Ultima Online Outlands\ClassicUO\Data\Client\MapIcons
✅ Saved icon to: C:\Program Files (x86)\Ultima Online Outlands\ClassicUO\Data\Client\MapIcons\E4.png
🔧 Ensuring icon exists: E5
== Creating icon: E5
Output folder: C:\Program Files (x86)\Ultima Online Outlands\ClassicUO\Data\Client\MapIcons
✅ Saved icon to: C:\Program Files (x86)\Ultima Online Outlands\ClassicUO\Data\Client\MapIcons\E5.png
🔧 Ensuring icon exists: E6
== Creating icon: E6
Output folder: C:\Program Files (x86)\Ultima Online Outlands\ClassicUO\Data\Client\MapIcons
✅ Saved icon to: C:\Program Files (x86)\Ultima Online Outlands\ClassicUO\Data\Client\MapIcons\E6.png
🔧 Ensuring icon exists: E7
== Creating icon: E7
Output folder: C:\Program Files (x86)\Ultima Online Outlands\ClassicUO\Data\Client\MapIcons
✅ Saved icon to: C:\Program Files (x86)\Ultima Online Outlands\ClassicUO\Data\Client\MapIcons\E7.png
🔧 Ensuring icon exists: E8
== Creating icon: E8
Output folder: C:\Program Files (x86)\Ultima Online Outlands\ClassicUO\Data\Client\MapIcons
✅ Saved icon to: C:\Program Files (x86)\Ultima Online Outlands\ClassicUO\Data\Client\MapIcons\E8.png
🔧 Ensuring icon exists: E9
== Creating icon: E9
Output folder: C:\Program Files (x86)\Ultima Online Outlands\ClassicUO\Data\Client\MapIcons
✅ Saved icon to: C:\Program Files (x86)\Ultima Online Outlands\ClassicUO\Data\Client\MapIcons\E9.png
🔧 Ensuring icon exists: E10
== Creating icon: E10
Output folder: C:\Program Files (x86)\Ultima Online Outlands\ClassicUO\Data\Client\MapIcons
✅ Saved icon to: C:\Program Files (x86)\Ultima Online Outlands\ClassicUO\Data\Client\MapIcons\E10.png
🔧 Ensuring icon exists: E11
== Creating icon: E11
Output folder: C:\Program Files (x86)\Ultima Online Outlands\ClassicUO\Data\Client\MapIcons
✅ Saved icon to: C:\Program Files (x86)\Ultima Online Outlands\ClassicUO\Data\Client\MapIcons\E11.png
🔧 Ensuring icon exists: E12
== Creating icon: E12
Output folder: C:\Program Files (x86)\Ultima Online Outlands\ClassicUO\Data\Client\MapIcons
✅ Saved icon to: C:\Program Files (x86)\Ultima Online Outlands\ClassicUO\Data\Client\MapIcons\E12.png
🔧 Ensuring icon exists: E13
== Creating icon: E13
Output folder: C:\Program Files (x86)\Ultima Online Outlands\ClassicUO\Data\Client\MapIcons
✅ Saved icon to: C:\Program Files (x86)\Ultima Online Outlands\ClassicUO\Data\Client\MapIcons\E13.png
🔧 Ensuring icon exists: E14
== Creating icon: E14
Output folder: C:\Program Files (x86)\Ultima Online Outlands\ClassicUO\Data\Client\MapIcons
✅ Saved icon to: C:\Program Files (x86)\Ultima Online Outlands\ClassicUO\Data\Client\MapIcons\E14.png
🔧 Ensuring icon exists: E15
== Creating icon: E15
Output folder: C:\Program Files (x86)\Ultima Online Outlands\ClassicUO\Data\Client\MapIcons
✅ Saved icon to: C:\Program Files (x86)\Ultima Online Outlands\ClassicUO\Data\Client\MapIcons\E15.png
🔧 Ensuring icon exists: E16
== Creating icon: E16
Output folder: C:\Program Files (x86)\Ultima Online Outlands\ClassicUO\Data\Client\MapIcons
✅ Saved icon to: C:\Program Files (x86)\Ultima Online Outlands\ClassicUO\Data\Client\MapIcons\E16.png
🔧 Ensuring icon exists: E17
== Creating icon: E17
Output folder: C:\Program Files (x86)\Ultima Online Outlands\ClassicUO\Data\Client\MapIcons
✅ Saved icon to: C:\Program Files (x86)\Ultima Online Outlands\ClassicUO\Data\Client\MapIcons\E17.png
🔧 Ensuring icon exists: E18
== Creating icon: E18
Output folder: C:\Program Files (x86)\Ultima Online Outlands\ClassicUO\Data\Client\MapIcons
✅ Saved icon to: C:\Program Files (x86)\Ultima Online Outlands\ClassicUO\Data\Client\MapIcons\E18.png
🔧 Ensuring icon exists: E19
== Creating icon: E19
Output folder: C:\Program Files (x86)\Ultima Online Outlands\ClassicUO\Data\Client\MapIcons
✅ Saved icon to: C:\Program Files (x86)\Ultima Online Outlands\ClassicUO\Data\Client\MapIcons\E19.png
🔧 Ensuring icon exists: E20
== Creating icon: E20
Output folder: C:\Program Files (x86)\Ultima Online Outlands\ClassicUO\Data\Client\MapIcons
✅ Saved icon to: C:\Program Files (x86)\Ultima Online Outlands\ClassicUO\Data\Client\MapIcons\E20.png
🔧 Ensuring icon exists: E21
== Creating icon: E21
Output folder: C:\Program Files (x86)\Ultima Online Outlands\ClassicUO\Data\Client\MapIcons
✅ Saved icon to: C:\Program Files (x86)\Ultima Online Outlands\ClassicUO\Data\Client\MapIcons\E21.png
🔧 Ensuring icon exists: E22
== Creating icon: E22
Output folder: C:\Program Files (x86)\Ultima Online Outlands\ClassicUO\Data\Client\MapIcons
✅ Saved icon to: C:\Program Files (x86)\Ultima Online Outlands\ClassicUO\Data\Client\MapIcons\E22.png
🔧 Ensuring icon exists: E23
== Creating icon: E23
Output folder: C:\Program Files (x86)\Ultima Online Outlands\ClassicUO\Data\Client\MapIcons
✅ Saved icon to: C:\Program Files (x86)\Ultima Online Outlands\ClassicUO\Data\Client\MapIcons\E23.png
🔧 Ensuring icon exists: E24
== Creating icon: E24
Output folder: C:\Program Files (x86)\Ultima Online Outlands\ClassicUO\Data\Client\MapIcons
✅ Saved icon to: C:\Program Files (x86)\Ultima Online Outlands\ClassicUO\Data\Client\MapIcons\E24.png
🔧 Ensuring icon exists: E25
== Creating icon: E25
Output folder: C:\Program Files (x86)\Ultima Online Outlands\ClassicUO\Data\Client\MapIcons
✅ Saved icon to: C:\Program Files (x86)\Ultima Online Outlands\ClassicUO\Data\Client\MapIcons\E25.png
🔧 Ensuring icon exists: E26
== Creating icon: E26
Output folder: C:\Program Files (x86)\Ultima Online Outlands\ClassicUO\Data\Client\MapIcons
✅ Saved icon to: C:\Program Files (x86)\Ultima Online Outlands\ClassicUO\Data\Client\MapIcons\E26.png
🔧 Ensuring icon exists: E27
== Creating icon: E27
Output folder: C:\Program Files (x86)\Ultima Online Outlands\ClassicUO\Data\Client\MapIcons
✅ Saved icon to: C:\Program Files (x86)\Ultima Online Outlands\ClassicUO\Data\Client\MapIcons\E27.png
🔧 Ensuring icon exists: E28
== Creating icon: E28
Output folder: C:\Program Files (x86)\Ultima Online Outlands\ClassicUO\Data\Client\MapIcons
✅ Saved icon to: C:\Program Files (x86)\Ultima Online Outlands\ClassicUO\Data\Client\MapIcons\E28.png
🔧 Ensuring icon exists: E29
== Creating icon: E29
Output folder: C:\Program Files (x86)\Ultima Online Outlands\ClassicUO\Data\Client\MapIcons
✅ Saved icon to: C:\Program Files (x86)\Ultima Online Outlands\ClassicUO\Data\Client\MapIcons\E29.png
🔧 Ensuring icon exists: E30
== Creating icon: E30
Output folder: C:\Program Files (x86)\Ultima Online Outlands\ClassicUO\Data\Client\MapIcons
✅ Saved icon to: C:\Program Files (x86)\Ultima Online Outlands\ClassicUO\Data\Client\MapIcons\E30.png
🔧 Ensuring icon exists: E31
== Creating icon: E31
Output folder: C:\Program Files (x86)\Ultima Online Outlands\ClassicUO\Data\Client\MapIcons
✅ Saved icon to: C:\Program Files (x86)\Ultima Online Outlands\ClassicUO\Data\Client\MapIcons\E31.png
🔧 Ensuring icon exists: E32
== Creating icon: E32
Output folder: C:\Program Files (x86)\Ultima Online Outlands\ClassicUO\Data\Client\MapIcons
✅ Saved icon to: C:\Program Files (x86)\Ultima Online Outlands\ClassicUO\Data\Client\MapIcons\E32.png
🔧 Ensuring icon exists: E33
== Creating icon: E33
Output folder: C:\Program Files (x86)\Ultima Online Outlands\ClassicUO\Data\Client\MapIcons
✅ Saved icon to: C:\Program Files (x86)\Ultima Online Outlands\ClassicUO\Data\Client\MapIcons\E33.png
🔧 Ensuring icon exists: E34
== Creating icon: E34
Output folder: C:\Program Files (x86)\Ultima Online Outlands\ClassicUO\Data\Client\MapIcons
✅ Saved icon to: C:\Program Files (x86)\Ultima Online Outlands\ClassicUO\Data\Client\MapIcons\E34.png
🔧 Ensuring icon exists: E35
== Creating icon: E35
Output folder: C:\Program Files (x86)\Ultima Online Outlands\ClassicUO\Data\Client\MapIcons
✅ Saved icon to: C:\Program Files (x86)\Ultima Online Outlands\ClassicUO\Data\Client\MapIcons\E35.png
🔧 Ensuring icon exists: E36
== Creating icon: E36
Output folder: C:\Program Files (x86)\Ultima Online Outlands\ClassicUO\Data\Client\MapIcons
✅ Saved icon to: C:\Program Files (x86)\Ultima Online Outlands\ClassicUO\Data\Client\MapIcons\E36.png
🔧 Ensuring icon exists: E37
== Creating icon: E37
Output folder: C:\Program Files (x86)\Ultima Online Outlands\ClassicUO\Data\Client\MapIcons
✅ Saved icon to: C:\Program Files (x86)\Ultima Online Outlands\ClassicUO\Data\Client\MapIcons\E37.png
🔧 Ensuring icon exists: E38
== Creating icon: E38
Output folder: C:\Program Files (x86)\Ultima Online Outlands\ClassicUO\Data\Client\MapIcons
✅ Saved icon to: C:\Program Files (x86)\Ultima Online Outlands\ClassicUO\Data\Client\MapIcons\E38.png
🔧 Ensuring icon exists: E39
== Creating icon: E39
Output folder: C:\Program Files (x86)\Ultima Online Outlands\ClassicUO\Data\Client\MapIcons
✅ Saved icon to: C:\Program Files (x86)\Ultima Online Outlands\ClassicUO\Data\Client\MapIcons\E39.png
🔧 Ensuring icon exists: E40
== Creating icon: E40
Output folder: C:\Program Files (x86)\Ultima Online Outlands\ClassicUO\Data\Client\MapIcons
✅ Saved icon to: C:\Program Files (x86)\Ultima Online Outlands\ClassicUO\Data\Client\MapIcons\E40.png
🔧 Ensuring icon exists: E41
== Creating icon: E41
Output folder: C:\Program Files (x86)\Ultima Online Outlands\ClassicUO\Data\Client\MapIcons
✅ Saved icon to: C:\Program Files (x86)\Ultima Online Outlands\ClassicUO\Data\Client\MapIcons\E41.png
🔧 Ensuring icon exists: E42
== Creating icon: E42
Output folder: C:\Program Files (x86)\Ultima Online Outlands\ClassicUO\Data\Client\MapIcons
✅ Saved icon to: C:\Program Files (x86)\Ultima Online Outlands\ClassicUO\Data\Client\MapIcons\E42.png
🔧 Ensuring icon exists: E43
== Creating icon: E43
Output folder: C:\Program Files (x86)\Ultima Online Outlands\ClassicUO\Data\Client\MapIcons
✅ Saved icon to: C:\Program Files (x86)\Ultima Online Outlands\ClassicUO\Data\Client\MapIcons\E43.png
🔧 Ensuring icon exists: E44
== Creating icon: E44
Output folder: C:\Program Files (x86)\Ultima Online Outlands\ClassicUO\Data\Client\MapIcons
✅ Saved icon to: C:\Program Files (x86)\Ultima Online Outlands\ClassicUO\Data\Client\MapIcons\E44.png
🔧 Ensuring icon exists: E45
== Creating icon: E45
Output folder: C:\Program Files (x86)\Ultima Online Outlands\ClassicUO\Data\Client\MapIcons
✅ Saved icon to: C:\Program Files (x86)\Ultima Online Outlands\ClassicUO\Data\Client\MapIcons\E45.png
🔧 Ensuring icon exists: E46
== Creating icon: E46
Output folder: C:\Program Files (x86)\Ultima Online Outlands\ClassicUO\Data\Client\MapIcons
✅ Saved icon to: C:\Program Files (x86)\Ultima Online Outlands\ClassicUO\Data\Client\MapIcons\E46.png
🔧 Ensuring icon exists: E47
== Creating icon: E47
Output folder: C:\Program Files (x86)\Ultima Online Outlands\ClassicUO\Data\Client\MapIcons
✅ Saved icon to: C:\Program Files (x86)\Ultima Online Outlands\ClassicUO\Data\Client\MapIcons\E47.png
🔧 Ensuring icon exists: E48
== Creating icon: E48
Output folder: C:\Program Files (x86)\Ultima Online Outlands\ClassicUO\Data\Client\MapIcons
✅ Saved icon to: C:\Program Files (x86)\Ultima Online Outlands\ClassicUO\Data\Client\MapIcons\E48.png
🔧 Ensuring icon exists: E49
== Creating icon: E49
Output folder: C:\Program Files (x86)\Ultima Online Outlands\ClassicUO\Data\Client\MapIcons
✅ Saved icon to: C:\Program Files (x86)\Ultima Online Outlands\ClassicUO\Data\Client\MapIcons\E49.png
🔧 Ensuring icon exists: E50
== Creating icon: E50
Output folder: C:\Program Files (x86)\Ultima Online Outlands\ClassicUO\Data\Client\MapIcons
✅ Saved icon to: C:\Program Files (x86)\Ultima Online Outlands\ClassicUO\Data\Client\MapIcons\E50.png
🔧 Ensuring icon exists: E51
== Creating icon: E51
Output folder: C:\Program Files (x86)\Ultima Online Outlands\ClassicUO\Data\Client\MapIcons
✅ Saved icon to: C:\Program Files (x86)\Ultima Online Outlands\ClassicUO\Data\Client\MapIcons\E51.png
🔧 Ensuring icon exists: E52
== Creating icon: E52
Output folder: C:\Program Files (x86)\Ultima Online Outlands\ClassicUO\Data\Client\MapIcons
✅ Saved icon to: C:\Program Files (x86)\Ultima Online Outlands\ClassicUO\Data\Client\MapIcons\E52.png
🔧 Ensuring icon exists: E53
== Creating icon: E53
Output folder: C:\Program Files (x86)\Ultima Online Outlands\ClassicUO\Data\Client\MapIcons
✅ Saved icon to: C:\Program Files (x86)\Ultima Online Outlands\ClassicUO\Data\Client\MapIcons\E53.png
🔧 Ensuring icon exists: E54
== Creating icon: E54
Output folder: C:\Program Files (x86)\Ultima Online Outlands\ClassicUO\Data\Client\MapIcons
✅ Saved icon to: C:\Program Files (x86)\Ultima Online Outlands\ClassicUO\Data\Client\MapIcons\E54.png
🔧 Ensuring icon exists: E55
== Creating icon: E55
Output folder: C:\Program Files (x86)\Ultima Online Outlands\ClassicUO\Data\Client\MapIcons
✅ Saved icon to: C:\Program Files (x86)\Ultima Online Outlands\ClassicUO\Data\Client\MapIcons\E55.png
🔧 Ensuring icon exists: E56
== Creating icon: E56
Output folder: C:\Program Files (x86)\Ultima Online Outlands\ClassicUO\Data\Client\MapIcons
✅ Saved icon to: C:\Program Files (x86)\Ultima Online Outlands\ClassicUO\Data\Client\MapIcons\E56.png
🔧 Ensuring icon exists: E57
== Creating icon: E57
Output folder: C:\Program Files (x86)\Ultima Online Outlands\ClassicUO\Data\Client\MapIcons
✅ Saved icon to: C:\Program Files (x86)\Ultima Online Outlands\ClassicUO\Data\Client\MapIcons\E57.png
🔧 Ensuring icon exists: E58
== Creating icon: E58
Output folder: C:\Program Files (x86)\Ultima Online Outlands\ClassicUO\Data\Client\MapIcons
✅ Saved icon to: C:\Program Files (x86)\Ultima Online Outlands\ClassicUO\Data\Client\MapIcons\E58.png
🔧 Ensuring icon exists: S1
== Creating icon: S1
Output folder: C:\Program Files (x86)\Ultima Online Outlands\ClassicUO\Data\Client\MapIcons
✅ Saved icon to: C:\Program Files (x86)\Ultima Online Outlands\ClassicUO\Data\Client\MapIcons\S1.png
🔧 Ensuring icon exists: S2
== Creating icon: S2
Output folder: C:\Program Files (x86)\Ultima Online Outlands\ClassicUO\Data\Client\MapIcons
✅ Saved icon to: C:\Program Files (x86)\Ultima Online Outlands\ClassicUO\Data\Client\MapIcons\S2.png
🔧 Ensuring icon exists: S3
== Creating icon: S3
Output folder: C:\Program Files (x86)\Ultima Online Outlands\ClassicUO\Data\Client\MapIcons
✅ Saved icon to: C:\Program Files (x86)\Ultima Online Outlands\ClassicUO\Data\Client\MapIcons\S3.png
🔧 Ensuring icon exists: S4
== Creating icon: S4
Output folder: C:\Program Files (x86)\Ultima Online Outlands\ClassicUO\Data\Client\MapIcons
✅ Saved icon to: C:\Program Files (x86)\Ultima Online Outlands\ClassicUO\Data\Client\MapIcons\S4.png
🔧 Ensuring icon exists: S5
== Creating icon: S5
Output folder: C:\Program Files (x86)\Ultima Online Outlands\ClassicUO\Data\Client\MapIcons
✅ Saved icon to: C:\Program Files (x86)\Ultima Online Outlands\ClassicUO\Data\Client\MapIcons\S5.png
🔧 Ensuring icon exists: S6
== Creating icon: S6
Output folder: C:\Program Files (x86)\Ultima Online Outlands\ClassicUO\Data\Client\MapIcons
✅ Saved icon to: C:\Program Files (x86)\Ultima Online Outlands\ClassicUO\Data\Client\MapIcons\S6.png
🔧 Ensuring icon exists: S7
== Creating icon: S7
Output folder: C:\Program Files (x86)\Ultima Online Outlands\ClassicUO\Data\Client\MapIcons
✅ Saved icon to: C:\Program Files (x86)\Ultima Online Outlands\ClassicUO\Data\Client\MapIcons\S7.png
🔧 Ensuring icon exists: S8
== Creating icon: S8
Output folder: C:\Program Files (x86)\Ultima Online Outlands\ClassicUO\Data\Client\MapIcons
✅ Saved icon to: C:\Program Files (x86)\Ultima Online Outlands\ClassicUO\Data\Client\MapIcons\S8.png
🔧 Ensuring icon exists: S9
== Creating icon: S9
Output folder: C:\Program Files (x86)\Ultima Online Outlands\ClassicUO\Data\Client\MapIcons
✅ Saved icon to: C:\Program Files (x86)\Ultima Online Outlands\ClassicUO\Data\Client\MapIcons\S9.png
🔧 Ensuring icon exists: S10
== Creating icon: S10
Output folder: C:\Program Files (x86)\Ultima Online Outlands\ClassicUO\Data\Client\MapIcons
✅ Saved icon to: C:\Program Files (x86)\Ultima Online Outlands\ClassicUO\Data\Client\MapIcons\S10.png
🔧 Ensuring icon exists: S11
== Creating icon: S11
Output folder: C:\Program Files (x86)\Ultima Online Outlands\ClassicUO\Data\Client\MapIcons
✅ Saved icon to: C:\Program Files (x86)\Ultima Online Outlands\ClassicUO\Data\Client\MapIcons\S11.png
🔧 Ensuring icon exists: S12
== Creating icon: S12
Output folder: C:\Program Files (x86)\Ultima Online Outlands\ClassicUO\Data\Client\MapIcons
✅ Saved icon to: C:\Program Files (x86)\Ultima Online Outlands\ClassicUO\Data\Client\MapIcons\S12.png
🔧 Ensuring icon exists: S13
== Creating icon: S13
Output folder: C:\Program Files (x86)\Ultima Online Outlands\ClassicUO\Data\Client\MapIcons
✅ Saved icon to: C:\Program Files (x86)\Ultima Online Outlands\ClassicUO\Data\Client\MapIcons\S13.png
🔧 Ensuring icon exists: S14
== Creating icon: S14
Output folder: C:\Program Files (x86)\Ultima Online Outlands\ClassicUO\Data\Client\MapIcons
✅ Saved icon to: C:\Program Files (x86)\Ultima Online Outlands\ClassicUO\Data\Client\MapIcons\S14.png
🔧 Ensuring icon exists: S15
== Creating icon: S15
Output folder: C:\Program Files (x86)\Ultima Online Outlands\ClassicUO\Data\Client\MapIcons
✅ Saved icon to: C:\Program Files (x86)\Ultima Online Outlands\ClassicUO\Data\Client\MapIcons\S15.png
🔧 Ensuring icon exists: S16
== Creating icon: S16
Output folder: C:\Program Files (x86)\Ultima Online Outlands\ClassicUO\Data\Client\MapIcons
✅ Saved icon to: C:\Program Files (x86)\Ultima Online Outlands\ClassicUO\Data\Client\MapIcons\S16.png
🔧 Ensuring icon exists: S17
== Creating icon: S17
Output folder: C:\Program Files (x86)\Ultima Online Outlands\ClassicUO\Data\Client\MapIcons
✅ Saved icon to: C:\Program Files (x86)\Ultima Online Outlands\ClassicUO\Data\Client\MapIcons\S17.png
🔧 Ensuring icon exists: S18
== Creating icon: S18
Output folder: C:\Program Files (x86)\Ultima Online Outlands\ClassicUO\Data\Client\MapIcons
✅ Saved icon to: C:\Program Files (x86)\Ultima Online Outlands\ClassicUO\Data\Client\MapIcons\S18.png
🔧 Ensuring icon exists: S19
== Creating icon: S19
Output folder: C:\Program Files (x86)\Ultima Online Outlands\ClassicUO\Data\Client\MapIcons
✅ Saved icon to: C:\Program Files (x86)\Ultima Online Outlands\ClassicUO\Data\Client\MapIcons\S19.png
🔧 Ensuring icon exists: S20
== Creating icon: S20
Output folder: C:\Program Files (x86)\Ultima Online Outlands\ClassicUO\Data\Client\MapIcons
✅ Saved icon to: C:\Program Files (x86)\Ultima Online Outlands\ClassicUO\Data\Client\MapIcons\S20.png
🔧 Ensuring icon exists: S21
== Creating icon: S21
Output folder: C:\Program Files (x86)\Ultima Online Outlands\ClassicUO\Data\Client\MapIcons
✅ Saved icon to: C:\Program Files (x86)\Ultima Online Outlands\ClassicUO\Data\Client\MapIcons\S21.png
🔧 Ensuring icon exists: S28
== Creating icon: S28
Output folder: C:\Program Files (x86)\Ultima Online Outlands\ClassicUO\Data\Client\MapIcons
✅ Saved icon to: C:\Program Files (x86)\Ultima Online Outlands\ClassicUO\Data\Client\MapIcons\S28.png
🔧 Ensuring icon exists: S29
== Creating icon: S29
Output folder: C:\Program Files (x86)\Ultima Online Outlands\ClassicUO\Data\Client\MapIcons
✅ Saved icon to: C:\Program Files (x86)\Ultima Online Outlands\ClassicUO\Data\Client\MapIcons\S29.png
🔧 Ensuring icon exists: S32
== Creating icon: S32
Output folder: C:\Program Files (x86)\Ultima Online Outlands\ClassicUO\Data\Client\MapIcons
✅ Saved icon to: C:\Program Files (x86)\Ultima Online Outlands\ClassicUO\Data\Client\MapIcons\S32.png
🔧 Ensuring icon exists: S42
== Creating icon: S42
Output folder: C:\Program Files (x86)\Ultima Online Outlands\ClassicUO\Data\Client\MapIcons
✅ Saved icon to: C:\Program Files (x86)\Ultima Online Outlands\ClassicUO\Data\Client\MapIcons\S42.png
🔧 Ensuring icon exists: S35
== Creating icon: S35
Output folder: C:\Program Files (x86)\Ultima Online Outlands\ClassicUO\Data\Client\MapIcons
✅ Saved icon to: C:\Program Files (x86)\Ultima Online Outlands\ClassicUO\Data\Client\MapIcons\S35.png
🔧 Ensuring icon exists: S38
== Creating icon: S38
Output folder: C:\Program Files (x86)\Ultima Online Outlands\ClassicUO\Data\Client\MapIcons
✅ Saved icon to: C:\Program Files (x86)\Ultima Online Outlands\ClassicUO\Data\Client\MapIcons\S38.png
🔧 Ensuring icon exists: S39
== Creating icon: S39
Output folder: C:\Program Files (x86)\Ultima Online Outlands\ClassicUO\Data\Client\MapIcons
✅ Saved icon to: C:\Program Files (x86)\Ultima Online Outlands\ClassicUO\Data\Client\MapIcons\S39.png
🔧 Ensuring icon exists: S36
== Creating icon: S36
Output folder: C:\Program Files (x86)\Ultima Online Outlands\ClassicUO\Data\Client\MapIcons
✅ Saved icon to: C:\Program Files (x86)\Ultima Online Outlands\ClassicUO\Data\Client\MapIcons\S36.png
🔧 Ensuring icon exists: S44
== Creating icon: S44
Output folder: C:\Program Files (x86)\Ultima Online Outlands\ClassicUO\Data\Client\MapIcons
✅ Saved icon to: C:\Program Files (x86)\Ultima Online Outlands\ClassicUO\Data\Client\MapIcons\S44.png
🔧 Ensuring icon exists: S30
== Creating icon: S30
Output folder: C:\Program Files (x86)\Ultima Online Outlands\ClassicUO\Data\Client\MapIcons
✅ Saved icon to: C:\Program Files (x86)\Ultima Online Outlands\ClassicUO\Data\Client\MapIcons\S30.png
🔧 Ensuring icon exists: S40
== Creating icon: S40
Output folder: C:\Program Files (x86)\Ultima Online Outlands\ClassicUO\Data\Client\MapIcons
✅ Saved icon to: C:\Program Files (x86)\Ultima Online Outlands\ClassicUO\Data\Client\MapIcons\S40.png
🔧 Ensuring icon exists: S37
== Creating icon: S37
Output folder: C:\Program Files (x86)\Ultima Online Outlands\ClassicUO\Data\Client\MapIcons
✅ Saved icon to: C:\Program Files (x86)\Ultima Online Outlands\ClassicUO\Data\Client\MapIcons\S37.png
🔧 Ensuring icon exists: S47
== Creating icon: S47
Output folder: C:\Program Files (x86)\Ultima Online Outlands\ClassicUO\Data\Client\MapIcons
✅ Saved icon to: C:\Program Files (x86)\Ultima Online Outlands\ClassicUO\Data\Client\MapIcons\S47.png
🔧 Ensuring icon exists: S46
== Creating icon: S46
Output folder: C:\Program Files (x86)\Ultima Online Outlands\ClassicUO\Data\Client\MapIcons
✅ Saved icon to: C:\Program Files (x86)\Ultima Online Outlands\ClassicUO\Data\Client\MapIcons\S46.png
🔧 Ensuring icon exists: S34
== Creating icon: S34
Output folder: C:\Program Files (x86)\Ultima Online Outlands\ClassicUO\Data\Client\MapIcons
✅ Saved icon to: C:\Program Files (x86)\Ultima Online Outlands\ClassicUO\Data\Client\MapIcons\S34.png
🔧 Ensuring icon exists: S48
== Creating icon: S48
Output folder: C:\Program Files (x86)\Ultima Online Outlands\ClassicUO\Data\Client\MapIcons
✅ Saved icon to: C:\Program Files (x86)\Ultima Online Outlands\ClassicUO\Data\Client\MapIcons\S48.png
🔧 Ensuring icon exists: S45
== Creating icon: S45
Output folder: C:\Program Files (x86)\Ultima Online Outlands\ClassicUO\Data\Client\MapIcons
✅ Saved icon to: C:\Program Files (x86)\Ultima Online Outlands\ClassicUO\Data\Client\MapIcons\S45.png
🔧 Ensuring icon exists: S41
== Creating icon: S41
Output folder: C:\Program Files (x86)\Ultima Online Outlands\ClassicUO\Data\Client\MapIcons
✅ Saved icon to: C:\Program Files (x86)\Ultima Online Outlands\ClassicUO\Data\Client\MapIcons\S41.png
🔧 Ensuring icon exists: S31
== Creating icon: S31
Output folder: C:\Program Files (x86)\Ultima Online Outlands\ClassicUO\Data\Client\MapIcons
✅ Saved icon to: C:\Program Files (x86)\Ultima Online Outlands\ClassicUO\Data\Client\MapIcons\S31.png
🔧 Ensuring icon exists: S33
== Creating icon: S33
Output folder: C:\Program Files (x86)\Ultima Online Outlands\ClassicUO\Data\Client\MapIcons
✅ Saved icon to: C:\Program Files (x86)\Ultima Online Outlands\ClassicUO\Data\Client\MapIcons\S33.png
🔧 Ensuring icon exists: S43
== Creating icon: S43
Output folder: C:\Program Files (x86)\Ultima Online Outlands\ClassicUO\Data\Client\MapIcons
✅ Saved icon to: C:\Program Files (x86)\Ultima Online Outlands\ClassicUO\Data\Client\MapIcons\S43.png
🔧 Ensuring icon exists: S21
== Creating icon: S21
Output folder: C:\Program Files (x86)\Ultima Online Outlands\ClassicUO\Data\Client\MapIcons
✅ Saved icon to: C:\Program Files (x86)\Ultima Online Outlands\ClassicUO\Data\Client\MapIcons\S21.png
🔧 Ensuring icon exists: S22
== Creating icon: S22
Output folder: C:\Program Files (x86)\Ultima Online Outlands\ClassicUO\Data\Client\MapIcons
✅ Saved icon to: C:\Program Files (x86)\Ultima Online Outlands\ClassicUO\Data\Client\MapIcons\S22.png
🔧 Ensuring icon exists: S23
== Creating icon: S23
Output folder: C:\Program Files (x86)\Ultima Online Outlands\ClassicUO\Data\Client\MapIcons
✅ Saved icon to: C:\Program Files (x86)\Ultima Online Outlands\ClassicUO\Data\Client\MapIcons\S23.png
🔧 Ensuring icon exists: S24
== Creating icon: S24
Output folder: C:\Program Files (x86)\Ultima Online Outlands\ClassicUO\Data\Client\MapIcons
✅ Saved icon to: C:\Program Files (x86)\Ultima Online Outlands\ClassicUO\Data\Client\MapIcons\S24.png
🔧 Ensuring icon exists: S25
== Creating icon: S25
Output folder: C:\Program Files (x86)\Ultima Online Outlands\ClassicUO\Data\Client\MapIcons
✅ Saved icon to: C:\Program Files (x86)\Ultima Online Outlands\ClassicUO\Data\Client\MapIcons\S25.png
🔧 Ensuring icon exists: S26
== Creating icon: S26
Output folder: C:\Program Files (x86)\Ultima Online Outlands\ClassicUO\Data\Client\MapIcons
✅ Saved icon to: C:\Program Files (x86)\Ultima Online Outlands\ClassicUO\Data\Client\MapIcons\S26.png
🔧 Ensuring icon exists: S27
== Creating icon: S27
Output folder: C:\Program Files (x86)\Ultima Online Outlands\ClassicUO\Data\Client\MapIcons
✅ Saved icon to: C:\Program Files (x86)\Ultima Online Outlands\ClassicUO\Data\Client\MapIcons\S27.png
🔧 Ensuring icon exists: W1
== Creating icon: W1
Output folder: C:\Program Files (x86)\Ultima Online Outlands\ClassicUO\Data\Client\MapIcons
✅ Saved icon to: C:\Program Files (x86)\Ultima Online Outlands\ClassicUO\Data\Client\MapIcons\W1.png
🔧 Ensuring icon exists: W2
== Creating icon: W2
Output folder: C:\Program Files (x86)\Ultima Online Outlands\ClassicUO\Data\Client\MapIcons
✅ Saved icon to: C:\Program Files (x86)\Ultima Online Outlands\ClassicUO\Data\Client\MapIcons\W2.png
🔧 Ensuring icon exists: W3
== Creating icon: W3
Output folder: C:\Program Files (x86)\Ultima Online Outlands\ClassicUO\Data\Client\MapIcons
✅ Saved icon to: C:\Program Files (x86)\Ultima Online Outlands\ClassicUO\Data\Client\MapIcons\W3.png
🔧 Ensuring icon exists: W4
== Creating icon: W4
Output folder: C:\Program Files (x86)\Ultima Online Outlands\ClassicUO\Data\Client\MapIcons
✅ Saved icon to: C:\Program Files (x86)\Ultima Online Outlands\ClassicUO\Data\Client\MapIcons\W4.png
🔧 Ensuring icon exists: W5
== Creating icon: W5
Output folder: C:\Program Files (x86)\Ultima Online Outlands\ClassicUO\Data\Client\MapIcons
✅ Saved icon to: C:\Program Files (x86)\Ultima Online Outlands\ClassicUO\Data\Client\MapIcons\W5.png
🔧 Ensuring icon exists: W6
== Creating icon: W6
Output folder: C:\Program Files (x86)\Ultima Online Outlands\ClassicUO\Data\Client\MapIcons
✅ Saved icon to: C:\Program Files (x86)\Ultima Online Outlands\ClassicUO\Data\Client\MapIcons\W6.png
🔧 Ensuring icon exists: W7
== Creating icon: W7
Output folder: C:\Program Files (x86)\Ultima Online Outlands\ClassicUO\Data\Client\MapIcons
✅ Saved icon to: C:\Program Files (x86)\Ultima Online Outlands\ClassicUO\Data\Client\MapIcons\W7.png
🔧 Ensuring icon exists: W8
== Creating icon: W8
Output folder: C:\Program Files (x86)\Ultima Online Outlands\ClassicUO\Data\Client\MapIcons
✅ Saved icon to: C:\Program Files (x86)\Ultima Online Outlands\ClassicUO\Data\Client\MapIcons\W8.png
🔧 Ensuring icon exists: W9
== Creating icon: W9
Output folder: C:\Program Files (x86)\Ultima Online Outlands\ClassicUO\Data\Client\MapIcons
✅ Saved icon to: C:\Program Files (x86)\Ultima Online Outlands\ClassicUO\Data\Client\MapIcons\W9.png
🔧 Ensuring icon exists: W10
== Creating icon: W10
Output folder: C:\Program Files (x86)\Ultima Online Outlands\ClassicUO\Data\Client\MapIcons
✅ Saved icon to: C:\Program Files (x86)\Ultima Online Outlands\ClassicUO\Data\Client\MapIcons\W10.png
🔧 Ensuring icon exists: W11
== Creating icon: W11
Output folder: C:\Program Files (x86)\Ultima Online Outlands\ClassicUO\Data\Client\MapIcons
✅ Saved icon to: C:\Program Files (x86)\Ultima Online Outlands\ClassicUO\Data\Client\MapIcons\W11.png
🔧 Ensuring icon exists: W12
== Creating icon: W12
Output folder: C:\Program Files (x86)\Ultima Online Outlands\ClassicUO\Data\Client\MapIcons
✅ Saved icon to: C:\Program Files (x86)\Ultima Online Outlands\ClassicUO\Data\Client\MapIcons\W12.png
🔧 Ensuring icon exists: W15
== Creating icon: W15
Output folder: C:\Program Files (x86)\Ultima Online Outlands\ClassicUO\Data\Client\MapIcons
✅ Saved icon to: C:\Program Files (x86)\Ultima Online Outlands\ClassicUO\Data\Client\MapIcons\W15.png
🔧 Ensuring icon exists: W16
== Creating icon: W16
Output folder: C:\Program Files (x86)\Ultima Online Outlands\ClassicUO\Data\Client\MapIcons
✅ Saved icon to: C:\Program Files (x86)\Ultima Online Outlands\ClassicUO\Data\Client\MapIcons\W16.png
🔧 Ensuring icon exists: W17
== Creating icon: W17
Output folder: C:\Program Files (x86)\Ultima Online Outlands\ClassicUO\Data\Client\MapIcons
✅ Saved icon to: C:\Program Files (x86)\Ultima Online Outlands\ClassicUO\Data\Client\MapIcons\W17.png
🔧 Ensuring icon exists: W13
== Creating icon: W13
Output folder: C:\Program Files (x86)\Ultima Online Outlands\ClassicUO\Data\Client\MapIcons
✅ Saved icon to: C:\Program Files (x86)\Ultima Online Outlands\ClassicUO\Data\Client\MapIcons\W13.png
🔧 Ensuring icon exists: W14
== Creating icon: W14
Output folder: C:\Program Files (x86)\Ultima Online Outlands\ClassicUO\Data\Client\MapIcons
✅ Saved icon to: C:\Program Files (x86)\Ultima Online Outlands\ClassicUO\Data\Client\MapIcons\W14.png
🔧 Ensuring icon exists: W18
== Creating icon: W18
Output folder: C:\Program Files (x86)\Ultima Online Outlands\ClassicUO\Data\Client\MapIcons
✅ Saved icon to: C:\Program Files (x86)\Ultima Online Outlands\ClassicUO\Data\Client\MapIcons\W18.png
🔧 Ensuring icon exists: W19
== Creating icon: W19
Output folder: C:\Program Files (x86)\Ultima Online Outlands\ClassicUO\Data\Client\MapIcons
✅ Saved icon to: C:\Program Files (x86)\Ultima Online Outlands\ClassicUO\Data\Client\MapIcons\W19.png
🔧 Ensuring icon exists: W20
== Creating icon: W20
Output folder: C:\Program Files (x86)\Ultima Online Outlands\ClassicUO\Data\Client\MapIcons
✅ Saved icon to: C:\Program Files (x86)\Ultima Online Outlands\ClassicUO\Data\Client\MapIcons\W20.png
🔧 Ensuring icon exists: W21
== Creating icon: W21
Output folder: C:\Program Files (x86)\Ultima Online Outlands\ClassicUO\Data\Client\MapIcons
✅ Saved icon to: C:\Program Files (x86)\Ultima Online Outlands\ClassicUO\Data\Client\MapIcons\W21.png
🔧 Ensuring icon exists: W22
== Creating icon: W22
Output folder: C:\Program Files (x86)\Ultima Online Outlands\ClassicUO\Data\Client\MapIcons
✅ Saved icon to: C:\Program Files (x86)\Ultima Online Outlands\ClassicUO\Data\Client\MapIcons\W22.png
🔧 Ensuring icon exists: W23
== Creating icon: W23
Output folder: C:\Program Files (x86)\Ultima Online Outlands\ClassicUO\Data\Client\MapIcons
✅ Saved icon to: C:\Program Files (x86)\Ultima Online Outlands\ClassicUO\Data\Client\MapIcons\W23.png
🔧 Ensuring icon exists: W24
== Creating icon: W24
Output folder: C:\Program Files (x86)\Ultima Online Outlands\ClassicUO\Data\Client\MapIcons
✅ Saved icon to: C:\Program Files (x86)\Ultima Online Outlands\ClassicUO\Data\Client\MapIcons\W24.png
🔧 Ensuring icon exists: W25
== Creating icon: W25
Output folder: C:\Program Files (x86)\Ultima Online Outlands\ClassicUO\Data\Client\MapIcons
✅ Saved icon to: C:\Program Files (x86)\Ultima Online Outlands\ClassicUO\Data\Client\MapIcons\W25.png
🔧 Ensuring icon exists: W26
== Creating icon: W26
Output folder: C:\Program Files (x86)\Ultima Online Outlands\ClassicUO\Data\Client\MapIcons
✅ Saved icon to: C:\Program Files (x86)\Ultima Online Outlands\ClassicUO\Data\Client\MapIcons\W26.png
🔧 Ensuring icon exists: W27
== Creating icon: W27
Output folder: C:\Program Files (x86)\Ultima Online Outlands\ClassicUO\Data\Client\MapIcons
✅ Saved icon to: C:\Program Files (x86)\Ultima Online Outlands\ClassicUO\Data\Client\MapIcons\W27.png
🔧 Ensuring icon exists: W28
== Creating icon: W28
Output folder: C:\Program Files (x86)\Ultima Online Outlands\ClassicUO\Data\Client\MapIcons
✅ Saved icon to: C:\Program Files (x86)\Ultima Online Outlands\ClassicUO\Data\Client\MapIcons\W28.png
🔧 Ensuring icon exists: W29
== Creating icon: W29
Output folder: C:\Program Files (x86)\Ultima Online Outlands\ClassicUO\Data\Client\MapIcons
✅ Saved icon to: C:\Program Files (x86)\Ultima Online Outlands\ClassicUO\Data\Client\MapIcons\W29.png
🔧 Ensuring icon exists: W30
== Creating icon: W30
Output folder: C:\Program Files (x86)\Ultima Online Outlands\ClassicUO\Data\Client\MapIcons
✅ Saved icon to: C:\Program Files (x86)\Ultima Online Outlands\ClassicUO\Data\Client\MapIcons\W30.png
🔧 Ensuring icon exists: W31
== Creating icon: W31
Output folder: C:\Program Files (x86)\Ultima Online Outlands\ClassicUO\Data\Client\MapIcons
✅ Saved icon to: C:\Program Files (x86)\Ultima Online Outlands\ClassicUO\Data\Client\MapIcons\W31.png
🔧 Ensuring icon exists: W32
== Creating icon: W32
Output folder: C:\Program Files (x86)\Ultima Online Outlands\ClassicUO\Data\Client\MapIcons
✅ Saved icon to: C:\Program Files (x86)\Ultima Online Outlands\ClassicUO\Data\Client\MapIcons\W32.png
🔧 Ensuring icon exists: W33
== Creating icon: W33
Output folder: C:\Program Files (x86)\Ultima Online Outlands\ClassicUO\Data\Client\MapIcons
✅ Saved icon to: C:\Program Files (x86)\Ultima Online Outlands\ClassicUO\Data\Client\MapIcons\W33.png
🔧 Ensuring icon exists: W34
== Creating icon: W34
Output folder: C:\Program Files (x86)\Ultima Online Outlands\ClassicUO\Data\Client\MapIcons
✅ Saved icon to: C:\Program Files (x86)\Ultima Online Outlands\ClassicUO\Data\Client\MapIcons\W34.png
🔧 Ensuring icon exists: W35
== Creating icon: W35
Output folder: C:\Program Files (x86)\Ultima Online Outlands\ClassicUO\Data\Client\MapIcons
✅ Saved icon to: C:\Program Files (x86)\Ultima Online Outlands\ClassicUO\Data\Client\MapIcons\W35.png
🔧 Ensuring icon exists: W36
== Creating icon: W36
Output folder: C:\Program Files (x86)\Ultima Online Outlands\ClassicUO\Data\Client\MapIcons
✅ Saved icon to: C:\Program Files (x86)\Ultima Online Outlands\ClassicUO\Data\Client\MapIcons\W36.png
🔧 Ensuring icon exists: W37
== Creating icon: W37
Output folder: C:\Program Files (x86)\Ultima Online Outlands\ClassicUO\Data\Client\MapIcons
✅ Saved icon to: C:\Program Files (x86)\Ultima Online Outlands\ClassicUO\Data\Client\MapIcons\W37.png
🔧 Ensuring icon exists: W42
== Creating icon: W42
Output folder: C:\Program Files (x86)\Ultima Online Outlands\ClassicUO\Data\Client\MapIcons
✅ Saved icon to: C:\Program Files (x86)\Ultima Online Outlands\ClassicUO\Data\Client\MapIcons\W42.png
🔧 Ensuring icon exists: W41
== Creating icon: W41
Output folder: C:\Program Files (x86)\Ultima Online Outlands\ClassicUO\Data\Client\MapIcons
✅ Saved icon to: C:\Program Files (x86)\Ultima Online Outlands\ClassicUO\Data\Client\MapIcons\W41.png
🔧 Ensuring icon exists: W40
== Creating icon: W40
Output folder: C:\Program Files (x86)\Ultima Online Outlands\ClassicUO\Data\Client\MapIcons
✅ Saved icon to: C:\Program Files (x86)\Ultima Online Outlands\ClassicUO\Data\Client\MapIcons\W40.png
🔧 Ensuring icon exists: W39
== Creating icon: W39
Output folder: C:\Program Files (x86)\Ultima Online Outlands\ClassicUO\Data\Client\MapIcons
✅ Saved icon to: C:\Program Files (x86)\Ultima Online Outlands\ClassicUO\Data\Client\MapIcons\W39.png
🔧 Ensuring icon exists: W38
== Creating icon: W38
Output folder: C:\Program Files (x86)\Ultima Online Outlands\ClassicUO\Data\Client\MapIcons
✅ Saved icon to: C:\Program Files (x86)\Ultima Online Outlands\ClassicUO\Data\Client\MapIcons\W38.png
🔧 Ensuring icon exists: W43
== Creating icon: W43
Output folder: C:\Program Files (x86)\Ultima Online Outlands\ClassicUO\Data\Client\MapIcons
✅ Saved icon to: C:\Program Files (x86)\Ultima Online Outlands\ClassicUO\Data\Client\MapIcons\W43.png
🔧 Ensuring icon exists: W44
== Creating icon: W44
Output folder: C:\Program Files (x86)\Ultima Online Outlands\ClassicUO\Data\Client\MapIcons
✅ Saved icon to: C:\Program Files (x86)\Ultima Online Outlands\ClassicUO\Data\Client\MapIcons\W44.png
🔧 Ensuring icon exists: W45
== Creating icon: W45
Output folder: C:\Program Files (x86)\Ultima Online Outlands\ClassicUO\Data\Client\MapIcons
✅ Saved icon to: C:\Program Files (x86)\Ultima Online Outlands\ClassicUO\Data\Client\MapIcons\W45.png
🔧 Ensuring icon exists: W46
== Creating icon: W46
Output folder: C:\Program Files (x86)\Ultima Online Outlands\ClassicUO\Data\Client\MapIcons
✅ Saved icon to: C:\Program Files (x86)\Ultima Online Outlands\ClassicUO\Data\Client\MapIcons\W46.png
🔧 Ensuring icon exists: W47
== Creating icon: W47
Output folder: C:\Program Files (x86)\Ultima Online Outlands\ClassicUO\Data\Client\MapIcons
✅ Saved icon to: C:\Program Files (x86)\Ultima Online Outlands\ClassicUO\Data\Client\MapIcons\W47.png
🔧 Ensuring icon exists: W48
== Creating icon: W48
Output folder: C:\Program Files (x86)\Ultima Online Outlands\ClassicUO\Data\Client\MapIcons
✅ Saved icon to: C:\Program Files (x86)\Ultima Online Outlands\ClassicUO\Data\Client\MapIcons\W48.png
🔧 Ensuring icon exists: W49
== Creating icon: W49
Output folder: C:\Program Files (x86)\Ultima Online Outlands\ClassicUO\Data\Client\MapIcons
✅ Saved icon to: C:\Program Files (x86)\Ultima Online Outlands\ClassicUO\Data\Client\MapIcons\W49.png
🔧 Ensuring icon exists: W50
== Creating icon: W50
Output folder: C:\Program Files (x86)\Ultima Online Outlands\ClassicUO\Data\Client\MapIcons
✅ Saved icon to: C:\Program Files (x86)\Ultima Online Outlands\ClassicUO\Data\Client\MapIcons\W50.png
🔧 Ensuring icon exists: W51
== Creating icon: W51
Output folder: C:\Program Files (x86)\Ultima Online Outlands\ClassicUO\Data\Client\MapIcons
✅ Saved icon to: C:\Program Files (x86)\Ultima Online Outlands\ClassicUO\Data\Client\MapIcons\W51.png
🔧 Ensuring icon exists: W52
== Creating icon: W52
Output folder: C:\Program Files (x86)\Ultima Online Outlands\ClassicUO\Data\Client\MapIcons
✅ Saved icon to: C:\Program Files (x86)\Ultima Online Outlands\ClassicUO\Data\Client\MapIcons\W52.png
🔧 Ensuring icon exists: W53
== Creating icon: W53
Output folder: C:\Program Files (x86)\Ultima Online Outlands\ClassicUO\Data\Client\MapIcons
✅ Saved icon to: C:\Program Files (x86)\Ultima Online Outlands\ClassicUO\Data\Client\MapIcons\W53.png
🔧 Ensuring icon exists: W54
== Creating icon: W54
Output folder: C:\Program Files (x86)\Ultima Online Outlands\ClassicUO\Data\Client\MapIcons
✅ Saved icon to: C:\Program Files (x86)\Ultima Online Outlands\ClassicUO\Data\Client\MapIcons\W54.png
🔧 Ensuring icon exists: W55
== Creating icon: W55
Output folder: C:\Program Files (x86)\Ultima Online Outlands\ClassicUO\Data\Client\MapIcons
✅ Saved icon to: C:\Program Files (x86)\Ultima Online Outlands\ClassicUO\Data\Client\MapIcons\W55.png
🔧 Ensuring icon exists: W56
== Creating icon: W56
Output folder: C:\Program Files (x86)\Ultima Online Outlands\ClassicUO\Data\Client\MapIcons
✅ Saved icon to: C:\Program Files (x86)\Ultima Online Outlands\ClassicUO\Data\Client\MapIcons\W56.png
🔧 Ensuring icon exists: W57
== Creating icon: W57
Output folder: C:\Program Files (x86)\Ultima Online Outlands\ClassicUO\Data\Client\MapIcons
✅ Saved icon to: C:\Program Files (x86)\Ultima Online Outlands\ClassicUO\Data\Client\MapIcons\W57.png
🔧 Ensuring icon exists: W58
== Creating icon: W58
Output folder: C:\Program Files (x86)\Ultima Online Outlands\ClassicUO\Data\Client\MapIcons
✅ Saved icon to: C:\Program Files (x86)\Ultima Online Outlands\ClassicUO\Data\Client\MapIcons\W58.png
🔧 Ensuring icon exists: W59
== Creating icon: W59
Output folder: C:\Program Files (x86)\Ultima Online Outlands\ClassicUO\Data\Client\MapIcons
✅ Saved icon to: C:\Program Files (x86)\Ultima Online Outlands\ClassicUO\Data\Client\MapIcons\W59.png
🔧 Ensuring icon exists: W60
== Creating icon: W60
Output folder: C:\Program Files (x86)\Ultima Online Outlands\ClassicUO\Data\Client\MapIcons
✅ Saved icon to: C:\Program Files (x86)\Ultima Online Outlands\ClassicUO\Data\Client\MapIcons\W60.png
🔧 Ensuring icon exists: W61
== Creating icon: W61
Output folder: C:\Program Files (x86)\Ultima Online Outlands\ClassicUO\Data\Client\MapIcons
✅ Saved icon to: C:\Program Files (x86)\Ultima Online Outlands\ClassicUO\Data\Client\MapIcons\W61.png
🔧 Ensuring icon exists: W62
== Creating icon: W62
Output folder: C:\Program Files (x86)\Ultima Online Outlands\ClassicUO\Data\Client\MapIcons
✅ Saved icon to: C:\Program Files (x86)\Ultima Online Outlands\ClassicUO\Data\Client\MapIcons\W62.png
🔧 Ensuring icon exists: W63
== Creating icon: W63
Output folder: C:\Program Files (x86)\Ultima Online Outlands\ClassicUO\Data\Client\MapIcons
✅ Saved icon to: C:\Program Files (x86)\Ultima Online Outlands\ClassicUO\Data\Client\MapIcons\W63.png
🔧 Ensuring icon exists: W64
== Creating icon: W64
Output folder: C:\Program Files (x86)\Ultima Online Outlands\ClassicUO\Data\Client\MapIcons
✅ Saved icon to: C:\Program Files (x86)\Ultima Online Outlands\ClassicUO\Data\Client\MapIcons\W64.png
🔧 Ensuring icon exists: W65
== Creating icon: W65
Output folder: C:\Program Files (x86)\Ultima Online Outlands\ClassicUO\Data\Client\MapIcons
✅ Saved icon to: C:\Program Files (x86)\Ultima Online Outlands\ClassicUO\Data\Client\MapIcons\W65.png
🔧 Ensuring icon exists: W66
== Creating icon: W66
Output folder: C:\Program Files (x86)\Ultima Online Outlands\ClassicUO\Data\Client\MapIcons
✅ Saved icon to: C:\Program Files (x86)\Ultima Online Outlands\ClassicUO\Data\Client\MapIcons\W66.png
🔧 Ensuring icon exists: W67
== Creating icon: W67
Output folder: C:\Program Files (x86)\Ultima Online Outlands\ClassicUO\Data\Client\MapIcons
✅ Saved icon to: C:\Program Files (x86)\Ultima Online Outlands\ClassicUO\Data\Client\MapIcons\W67.png
🔧 Ensuring icon exists: W68
== Creating icon: W68
Output folder: C:\Program Files (x86)\Ultima Online Outlands\ClassicUO\Data\Client\MapIcons
✅ Saved icon to: C:\Program Files (x86)\Ultima Online Outlands\ClassicUO\Data\Client\MapIcons\W68.png
🔧 Ensuring icon exists: W69
== Creating icon: W69
Output folder: C:\Program Files (x86)\Ultima Online Outlands\ClassicUO\Data\Client\MapIcons
✅ Saved icon to: C:\Program Files (x86)\Ultima Online Outlands\ClassicUO\Data\Client\MapIcons\W69.png
🔧 Ensuring icon exists: W70
== Creating icon: W70
Output folder: C:\Program Files (x86)\Ultima Online Outlands\ClassicUO\Data\Client\MapIcons
✅ Saved icon to: C:\Program Files (x86)\Ultima Online Outlands\ClassicUO\Data\Client\MapIcons\W70.png
🔧 Ensuring icon exists: W71
== Creating icon: W71
Output folder: C:\Program Files (x86)\Ultima Online Outlands\ClassicUO\Data\Client\MapIcons
✅ Saved icon to: C:\Program Files (x86)\Ultima Online Outlands\ClassicUO\Data\Client\MapIcons\W71.png
🔧 Ensuring icon exists: W72
== Creating icon: W72
Output folder: C:\Program Files (x86)\Ultima Online Outlands\ClassicUO\Data\Client\MapIcons
✅ Saved icon to: C:\Program Files (x86)\Ultima Online Outlands\ClassicUO\Data\Client\MapIcons\W72.png
🔧 Ensuring icon exists: W73
== Creating icon: W73
Output folder: C:\Program Files (x86)\Ultima Online Outlands\ClassicUO\Data\Client\MapIcons
✅ Saved icon to: C:\Program Files (x86)\Ultima Online Outlands\ClassicUO\Data\Client\MapIcons\W73.png
🔧 Ensuring icon exists: W74
== Creating icon: W74
Output folder: C:\Program Files (x86)\Ultima Online Outlands\ClassicUO\Data\Client\MapIcons
✅ Saved icon to: C:\Program Files (x86)\Ultima Online Outlands\ClassicUO\Data\Client\MapIcons\W74.png
🔧 Ensuring icon exists: W75
== Creating icon: W75
Output folder: C:\Program Files (x86)\Ultima Online Outlands\ClassicUO\Data\Client\MapIcons
✅ Saved icon to: C:\Program Files (x86)\Ultima Online Outlands\ClassicUO\Data\Client\MapIcons\W75.png
🔧 Ensuring icon exists: W76
== Creating icon: W76
Output folder: C:\Program Files (x86)\Ultima Online Outlands\ClassicUO\Data\Client\MapIcons
✅ Saved icon to: C:\Program Files (x86)\Ultima Online Outlands\ClassicUO\Data\Client\MapIcons\W76.png
🔧 Ensuring icon exists: W77
== Creating icon: W77
Output folder: C:\Program Files (x86)\Ultima Online Outlands\ClassicUO\Data\Client\MapIcons
✅ Saved icon to: C:\Program Files (x86)\Ultima Online Outlands\ClassicUO\Data\Client\MapIcons\W77.png
🔧 Ensuring icon exists: W78
== Creating icon: W78
Output folder: C:\Program Files (x86)\Ultima Online Outlands\ClassicUO\Data\Client\MapIcons
✅ Saved icon to: C:\Program Files (x86)\Ultima Online Outlands\ClassicUO\Data\Client\MapIcons\W78.png
🔧 Ensuring icon exists: W79
== Creating icon: W79
Output folder: C:\Program Files (x86)\Ultima Online Outlands\ClassicUO\Data\Client\MapIcons
✅ Saved icon to: C:\Program Files (x86)\Ultima Online Outlands\ClassicUO\Data\Client\MapIcons\W79.png
🔧 Ensuring icon exists: W80
== Creating icon: W80
Output folder: C:\Program Files (x86)\Ultima Online Outlands\ClassicUO\Data\Client\MapIcons
✅ Saved icon to: C:\Program Files (x86)\Ultima Online Outlands\ClassicUO\Data\Client\MapIcons\W80.png
🔧 Ensuring icon exists: W81
== Creating icon: W81
Output folder: C:\Program Files (x86)\Ultima Online Outlands\ClassicUO\Data\Client\MapIcons
✅ Saved icon to: C:\Program Files (x86)\Ultima Online Outlands\ClassicUO\Data\Client\MapIcons\W81.png
🔧 Ensuring icon exists: W82
== Creating icon: W82
Output folder: C:\Program Files (x86)\Ultima Online Outlands\ClassicUO\Data\Client\MapIcons
✅ Saved icon to: C:\Program Files (x86)\Ultima Online Outlands\ClassicUO\Data\Client\MapIcons\W82.png
🔧 Ensuring icon exists: W83
== Creating icon: W83
Output folder: C:\Program Files (x86)\Ultima Online Outlands\ClassicUO\Data\Client\MapIcons
✅ Saved icon to: C:\Program Files (x86)\Ultima Online Outlands\ClassicUO\Data\Client\MapIcons\W83.png
🔧 Ensuring icon exists: W84
== Creating icon: W84
Output folder: C:\Program Files (x86)\Ultima Online Outlands\ClassicUO\Data\Client\MapIcons
✅ Saved icon to: C:\Program Files (x86)\Ultima Online Outlands\ClassicUO\Data\Client\MapIcons\W84.png
🔧 Ensuring icon exists: W85
== Creating icon: W85
Output folder: C:\Program Files (x86)\Ultima Online Outlands\ClassicUO\Data\Client\MapIcons
✅ Saved icon to: C:\Program Files (x86)\Ultima Online Outlands\ClassicUO\Data\Client\MapIcons\W85.png
🔧 Ensuring icon exists: W86
== Creating icon: W86
Output folder: C:\Program Files (x86)\Ultima Online Outlands\ClassicUO\Data\Client\MapIcons
✅ Saved icon to: C:\Program Files (x86)\Ultima Online Outlands\ClassicUO\Data\Client\MapIcons\W86.png
🔧 Ensuring icon exists: W87
== Creating icon: W87
Output folder: C:\Program Files (x86)\Ultima Online Outlands\ClassicUO\Data\Client\MapIcons
✅ Saved icon to: C:\Program Files (x86)\Ultima Online Outlands\ClassicUO\Data\Client\MapIcons\W87.png
🔧 Ensuring icon exists: W88
== Creating icon: W88
Output folder: C:\Program Files (x86)\Ultima Online Outlands\ClassicUO\Data\Client\MapIcons
✅ Saved icon to: C:\Program Files (x86)\Ultima Online Outlands\ClassicUO\Data\Client\MapIcons\W88.png
🔧 Ensuring icon exists: W89
== Creating icon: W89
Output folder: C:\Program Files (x86)\Ultima Online Outlands\ClassicUO\Data\Client\MapIcons
✅ Saved icon to: C:\Program Files (x86)\Ultima Online Outlands\ClassicUO\Data\Client\MapIcons\W89.png
🔧 Ensuring icon exists: W90
== Creating icon: W90
Output folder: C:\Program Files (x86)\Ultima Online Outlands\ClassicUO\Data\Client\MapIcons
✅ Saved icon to: C:\Program Files (x86)\Ultima Online Outlands\ClassicUO\Data\Client\MapIcons\W90.png
🔧 Ensuring icon exists: W91
== Creating icon: W91
Output folder: C:\Program Files (x86)\Ultima Online Outlands\ClassicUO\Data\Client\MapIcons
✅ Saved icon to: C:\Program Files (x86)\Ultima Online Outlands\ClassicUO\Data\Client\MapIcons\W91.png
🔧 Ensuring icon exists: W92
== Creating icon: W92
Output folder: C:\Program Files (x86)\Ultima Online Outlands\ClassicUO\Data\Client\MapIcons
✅ Saved icon to: C:\Program Files (x86)\Ultima Online Outlands\ClassicUO\Data\Client\MapIcons\W92.png
🔧 Ensuring icon exists: W93
== Creating icon: W93
Output folder: C:\Program Files (x86)\Ultima Online Outlands\ClassicUO\Data\Client\MapIcons
✅ Saved icon to: C:\Program Files (x86)\Ultima Online Outlands\ClassicUO\Data\Client\MapIcons\W93.png
🔧 Ensuring icon exists: W94
== Creating icon: W94
Output folder: C:\Program Files (x86)\Ultima Online Outlands\ClassicUO\Data\Client\MapIcons
✅ Saved icon to: C:\Program Files (x86)\Ultima Online Outlands\ClassicUO\Data\Client\MapIcons\W94.png
🔧 Ensuring icon exists: W95
== Creating icon: W95
Output folder: C:\Program Files (x86)\Ultima Online Outlands\ClassicUO\Data\Client\MapIcons
✅ Saved icon to: C:\Program Files (x86)\Ultima Online Outlands\ClassicUO\Data\Client\MapIcons\W95.png
🔧 Ensuring icon exists: W96
== Creating icon: W96
Output folder: C:\Program Files (x86)\Ultima Online Outlands\ClassicUO\Data\Client\MapIcons
✅ Saved icon to: C:\Program Files (x86)\Ultima Online Outlands\ClassicUO\Data\Client\MapIcons\W96.png
🔧 Ensuring icon exists: W97
== Creating icon: W97
Output folder: C:\Program Files (x86)\Ultima Online Outlands\ClassicUO\Data\Client\MapIcons
✅ Saved icon to: C:\Program Files (x86)\Ultima Online Outlands\ClassicUO\Data\Client\MapIcons\W97.png
🔧 Ensuring icon exists: W98
== Creating icon: W98
Output folder: C:\Program Files (x86)\Ultima Online Outlands\ClassicUO\Data\Client\MapIcons
✅ Saved icon to: C:\Program Files (x86)\Ultima Online Outlands\ClassicUO\Data\Client\MapIcons\W98.png
🔧 Ensuring icon exists: W99
== Creating icon: W99
Output folder: C:\Program Files (x86)\Ultima Online Outlands\ClassicUO\Data\Client\MapIcons
✅ Saved icon to: C:\Program Files (x86)\Ultima Online Outlands\ClassicUO\Data\Client\MapIcons\W99.png
🔧 Ensuring icon exists: W100
== Creating icon: W100
Output folder: C:\Program Files (x86)\Ultima Online Outlands\ClassicUO\Data\Client\MapIcons
✅ Saved icon to: C:\Program Files (x86)\Ultima Online Outlands\ClassicUO\Data\Client\MapIcons\W100.png
🔧 Ensuring icon exists: W101
== Creating icon: W101
Output folder: C:\Program Files (x86)\Ultima Online Outlands\ClassicUO\Data\Client\MapIcons
✅ Saved icon to: C:\Program Files (x86)\Ultima Online Outlands\ClassicUO\Data\Client\MapIcons\W101.png
🔧 Ensuring icon exists: W102
== Creating icon: W102
Output folder: C:\Program Files (x86)\Ultima Online Outlands\ClassicUO\Data\Client\MapIcons
✅ Saved icon to: C:\Program Files (x86)\Ultima Online Outlands\ClassicUO\Data\Client\MapIcons\W102.png
🔧 Ensuring icon exists: W103
== Creating icon: W103
Output folder: C:\Program Files (x86)\Ultima Online Outlands\ClassicUO\Data\Client\MapIcons
✅ Saved icon to: C:\Program Files (x86)\Ultima Online Outlands\ClassicUO\Data\Client\MapIcons\W103.png
🔧 Ensuring icon exists: W104
== Creating icon: W104
Output folder: C:\Program Files (x86)\Ultima Online Outlands\ClassicUO\Data\Client\MapIcons
✅ Saved icon to: C:\Program Files (x86)\Ultima Online Outlands\ClassicUO\Data\Client\MapIcons\W104.png
🔧 Ensuring icon exists: W105
== Creating icon: W105
Output folder: C:\Program Files (x86)\Ultima Online Outlands\ClassicUO\Data\Client\MapIcons
✅ Saved icon to: C:\Program Files (x86)\Ultima Online Outlands\ClassicUO\Data\Client\MapIcons\W105.png
🔧 Ensuring icon exists: W109
== Creating icon: W109
Output folder: C:\Program Files (x86)\Ultima Online Outlands\ClassicUO\Data\Client\MapIcons
✅ Saved icon to: C:\Program Files (x86)\Ultima Online Outlands\ClassicUO\Data\Client\MapIcons\W109.png
🔧 Ensuring icon exists: W110
== Creating icon: W110
Output folder: C:\Program Files (x86)\Ultima Online Outlands\ClassicUO\Data\Client\MapIcons
✅ Saved icon to: C:\Program Files (x86)\Ultima Online Outlands\ClassicUO\Data\Client\MapIcons\W110.png
🔧 Ensuring icon exists: W112
== Creating icon: W112
Output folder: C:\Program Files (x86)\Ultima Online Outlands\ClassicUO\Data\Client\MapIcons
✅ Saved icon to: C:\Program Files (x86)\Ultima Online Outlands\ClassicUO\Data\Client\MapIcons\W112.png
🔧 Ensuring icon exists: W113
== Creating icon: W113
Output folder: C:\Program Files (x86)\Ultima Online Outlands\ClassicUO\Data\Client\MapIcons
✅ Saved icon to: C:\Program Files (x86)\Ultima Online Outlands\ClassicUO\Data\Client\MapIcons\W113.png
🔧 Ensuring icon exists: W114
== Creating icon: W114
Output folder: C:\Program Files (x86)\Ultima Online Outlands\ClassicUO\Data\Client\MapIcons
✅ Saved icon to: C:\Program Files (x86)\Ultima Online Outlands\ClassicUO\Data\Client\MapIcons\W114.png
🔧 Ensuring icon exists: W115
== Creating icon: W115
Output folder: C:\Program Files (x86)\Ultima Online Outlands\ClassicUO\Data\Client\MapIcons
✅ Saved icon to: C:\Program Files (x86)\Ultima Online Outlands\ClassicUO\Data\Client\MapIcons\W115.png
🔧 Ensuring icon exists: W106
== Creating icon: W106
Output folder: C:\Program Files (x86)\Ultima Online Outlands\ClassicUO\Data\Client\MapIcons
✅ Saved icon to: C:\Program Files (x86)\Ultima Online Outlands\ClassicUO\Data\Client\MapIcons\W106.png
🔧 Ensuring icon exists: W107
== Creating icon: W107
Output folder: C:\Program Files (x86)\Ultima Online Outlands\ClassicUO\Data\Client\MapIcons
✅ Saved icon to: C:\Program Files (x86)\Ultima Online Outlands\ClassicUO\Data\Client\MapIcons\W107.png
🔧 Ensuring icon exists: W108
== Creating icon: W108
Output folder: C:\Program Files (x86)\Ultima Online Outlands\ClassicUO\Data\Client\MapIcons
✅ Saved icon to: C:\Program Files (x86)\Ultima Online Outlands\ClassicUO\Data\Client\MapIcons\W108.png
🔧 Ensuring icon exists: CC1
== Creating icon: CC1
Output folder: C:\Program Files (x86)\Ultima Online Outlands\ClassicUO\Data\Client\MapIcons
✅ Saved icon to: C:\Program Files (x86)\Ultima Online Outlands\ClassicUO\Data\Client\MapIcons\CC1.png
🔧 Ensuring icon exists: CC2
== Creating icon: CC2
Output folder: C:\Program Files (x86)\Ultima Online Outlands\ClassicUO\Data\Client\MapIcons
✅ Saved icon to: C:\Program Files (x86)\Ultima Online Outlands\ClassicUO\Data\Client\MapIcons\CC2.png
🔧 Ensuring icon exists: CC3
== Creating icon: CC3
Output folder: C:\Program Files (x86)\Ultima Online Outlands\ClassicUO\Data\Client\MapIcons
✅ Saved icon to: C:\Program Files (x86)\Ultima Online Outlands\ClassicUO\Data\Client\MapIcons\CC3.png
🔧 Ensuring icon exists: CC4
== Creating icon: CC4
Output folder: C:\Program Files (x86)\Ultima Online Outlands\ClassicUO\Data\Client\MapIcons
✅ Saved icon to: C:\Program Files (x86)\Ultima Online Outlands\ClassicUO\Data\Client\MapIcons\CC4.png
🔧 Ensuring icon exists: CC5
== Creating icon: CC5
Output folder: C:\Program Files (x86)\Ultima Online Outlands\ClassicUO\Data\Client\MapIcons
✅ Saved icon to: C:\Program Files (x86)\Ultima Online Outlands\ClassicUO\Data\Client\MapIcons\CC5.png
🔧 Ensuring icon exists: CC6
== Creating icon: CC6
Output folder: C:\Program Files (x86)\Ultima Online Outlands\ClassicUO\Data\Client\MapIcons
✅ Saved icon to: C:\Program Files (x86)\Ultima Online Outlands\ClassicUO\Data\Client\MapIcons\CC6.png
🔧 Ensuring icon exists: CC7
== Creating icon: CC7
Output folder: C:\Program Files (x86)\Ultima Online Outlands\ClassicUO\Data\Client\MapIcons
✅ Saved icon to: C:\Program Files (x86)\Ultima Online Outlands\ClassicUO\Data\Client\MapIcons\CC7.png
🔧 Ensuring icon exists: CC8
== Creating icon: CC8
Output folder: C:\Program Files (x86)\Ultima Online Outlands\ClassicUO\Data\Client\MapIcons
✅ Saved icon to: C:\Program Files (x86)\Ultima Online Outlands\ClassicUO\Data\Client\MapIcons\CC8.png
🔧 Ensuring icon exists: CC9
== Creating icon: CC9
Output folder: C:\Program Files (x86)\Ultima Online Outlands\ClassicUO\Data\Client\MapIcons
✅ Saved icon to: C:\Program Files (x86)\Ultima Online Outlands\ClassicUO\Data\Client\MapIcons\CC9.png
🔧 Ensuring icon exists: CC10
== Creating icon: CC10
Output folder: C:\Program Files (x86)\Ultima Online Outlands\ClassicUO\Data\Client\MapIcons
✅ Saved icon to: C:\Program Files (x86)\Ultima Online Outlands\ClassicUO\Data\Client\MapIcons\CC10.png
🔧 Ensuring icon exists: CC11
== Creating icon: CC11
Output folder: C:\Program Files (x86)\Ultima Online Outlands\ClassicUO\Data\Client\MapIcons
✅ Saved icon to: C:\Program Files (x86)\Ultima Online Outlands\ClassicUO\Data\Client\MapIcons\CC11.png
🔧 Ensuring icon exists: CC12
== Creating icon: CC12
Output folder: C:\Program Files (x86)\Ultima Online Outlands\ClassicUO\Data\Client\MapIcons
✅ Saved icon to: C:\Program Files (x86)\Ultima Online Outlands\ClassicUO\Data\Client\MapIcons\CC12.png
🔧 Ensuring icon exists: CC13
== Creating icon: CC13
Output folder: C:\Program Files (x86)\Ultima Online Outlands\ClassicUO\Data\Client\MapIcons
✅ Saved icon to: C:\Program Files (x86)\Ultima Online Outlands\ClassicUO\Data\Client\MapIcons\CC13.png
🔧 Ensuring icon exists: CC14
== Creating icon: CC14
Output folder: C:\Program Files (x86)\Ultima Online Outlands\ClassicUO\Data\Client\MapIcons
✅ Saved icon to: C:\Program Files (x86)\Ultima Online Outlands\ClassicUO\Data\Client\MapIcons\CC14.png
🔧 Ensuring icon exists: CC15
== Creating icon: CC15
Output folder: C:\Program Files (x86)\Ultima Online Outlands\ClassicUO\Data\Client\MapIcons
✅ Saved icon to: C:\Program Files (x86)\Ultima Online Outlands\ClassicUO\Data\Client\MapIcons\CC15.png
🔧 Ensuring icon exists: CC16
== Creating icon: CC16
Output folder: C:\Program Files (x86)\Ultima Online Outlands\ClassicUO\Data\Client\MapIcons
✅ Saved icon to: C:\Program Files (x86)\Ultima Online Outlands\ClassicUO\Data\Client\MapIcons\CC16.png
🔧 Ensuring icon exists: CC17
== Creating icon: CC17
Output folder: C:\Program Files (x86)\Ultima Online Outlands\ClassicUO\Data\Client\MapIcons
✅ Saved icon to: C:\Program Files (x86)\Ultima Online Outlands\ClassicUO\Data\Client\MapIcons\CC17.png
🔧 Ensuring icon exists: CC18
== Creating icon: CC18
Output folder: C:\Program Files (x86)\Ultima Online Outlands\ClassicUO\Data\Client\MapIcons
✅ Saved icon to: C:\Program Files (x86)\Ultima Online Outlands\ClassicUO\Data\Client\MapIcons\CC18.png
🔧 Ensuring icon exists: CC19
== Creating icon: CC19
Output folder: C:\Program Files (x86)\Ultima Online Outlands\ClassicUO\Data\Client\MapIcons
✅ Saved icon to: C:\Program Files (x86)\Ultima Online Outlands\ClassicUO\Data\Client\MapIcons\CC19.png
🔧 Ensuring icon exists: X1
== Creating icon: X1
Output folder: C:\Program Files (x86)\Ultima Online Outlands\ClassicUO\Data\Client\MapIcons
✅ Saved icon to: C:\Program Files (x86)\Ultima Online Outlands\ClassicUO\Data\Client\MapIcons\X1.png
🔧 Ensuring icon exists: X2
== Creating icon: X2
Output folder: C:\Program Files (x86)\Ultima Online Outlands\ClassicUO\Data\Client\MapIcons
✅ Saved icon to: C:\Program Files (x86)\Ultima Online Outlands\ClassicUO\Data\Client\MapIcons\X2.png
🔧 Ensuring icon exists: X3
== Creating icon: X3
Output folder: C:\Program Files (x86)\Ultima Online Outlands\ClassicUO\Data\Client\MapIcons
✅ Saved icon to: C:\Program Files (x86)\Ultima Online Outlands\ClassicUO\Data\Client\MapIcons\X3.png
🔧 Ensuring icon exists: X4
== Creating icon: X4
Output folder: C:\Program Files (x86)\Ultima Online Outlands\ClassicUO\Data\Client\MapIcons
✅ Saved icon to: C:\Program Files (x86)\Ultima Online Outlands\ClassicUO\Data\Client\MapIcons\X4.png
🔧 Ensuring icon exists: X5
== Creating icon: X5
Output folder: C:\Program Files (x86)\Ultima Online Outlands\ClassicUO\Data\Client\MapIcons
✅ Saved icon to: C:\Program Files (x86)\Ultima Online Outlands\ClassicUO\Data\Client\MapIcons\X5.png
🔧 Ensuring icon exists: X6
== Creating icon: X6
Output folder: C:\Program Files (x86)\Ultima Online Outlands\ClassicUO\Data\Client\MapIcons
✅ Saved icon to: C:\Program Files (x86)\Ultima Online Outlands\ClassicUO\Data\Client\MapIcons\X6.png
🔧 Ensuring icon exists: X7
== Creating icon: X7
Output folder: C:\Program Files (x86)\Ultima Online Outlands\ClassicUO\Data\Client\MapIcons
✅ Saved icon to: C:\Program Files (x86)\Ultima Online Outlands\ClassicUO\Data\Client\MapIcons\X7.png
🔧 Ensuring icon exists: X8
== Creating icon: X8
Output folder: C:\Program Files (x86)\Ultima Online Outlands\ClassicUO\Data\Client\MapIcons
✅ Saved icon to: C:\Program Files (x86)\Ultima Online Outlands\ClassicUO\Data\Client\MapIcons\X8.png
🔧 Ensuring icon exists: X9
== Creating icon: X9
Output folder: C:\Program Files (x86)\Ultima Online Outlands\ClassicUO\Data\Client\MapIcons
✅ Saved icon to: C:\Program Files (x86)\Ultima Online Outlands\ClassicUO\Data\Client\MapIcons\X9.png
🔧 Ensuring icon exists: X10
== Creating icon: X10
Output folder: C:\Program Files (x86)\Ultima Online Outlands\ClassicUO\Data\Client\MapIcons
✅ Saved icon to: C:\Program Files (x86)\Ultima Online Outlands\ClassicUO\Data\Client\MapIcons\X10.png
🔧 Ensuring icon exists: X11
== Creating icon: X11
Output folder: C:\Program Files (x86)\Ultima Online Outlands\ClassicUO\Data\Client\MapIcons
✅ Saved icon to: C:\Program Files (x86)\Ultima Online Outlands\ClassicUO\Data\Client\MapIcons\X11.png
🔧 Ensuring icon exists: X12
== Creating icon: X12
Output folder: C:\Program Files (x86)\Ultima Online Outlands\ClassicUO\Data\Client\MapIcons
✅ Saved icon to: C:\Program Files (x86)\Ultima Online Outlands\ClassicUO\Data\Client\MapIcons\X12.png
🔧 Ensuring icon exists: X13
== Creating icon: X13
Output folder: C:\Program Files (x86)\Ultima Online Outlands\ClassicUO\Data\Client\MapIcons
✅ Saved icon to: C:\Program Files (x86)\Ultima Online Outlands\ClassicUO\Data\Client\MapIcons\X13.png
🔧 Ensuring icon exists: X14
== Creating icon: X14
Output folder: C:\Program Files (x86)\Ultima Online Outlands\ClassicUO\Data\Client\MapIcons
✅ Saved icon to: C:\Program Files (x86)\Ultima Online Outlands\ClassicUO\Data\Client\MapIcons\X14.png
🔧 Ensuring icon exists: X15
== Creating icon: X15
Output folder: C:\Program Files (x86)\Ultima Online Outlands\ClassicUO\Data\Client\MapIcons
✅ Saved icon to: C:\Program Files (x86)\Ultima Online Outlands\ClassicUO\Data\Client\MapIcons\X15.png
🔧 Ensuring icon exists: X16
== Creating icon: X16
Output folder: C:\Program Files (x86)\Ultima Online Outlands\ClassicUO\Data\Client\MapIcons
✅ Saved icon to: C:\Program Files (x86)\Ultima Online Outlands\ClassicUO\Data\Client\MapIcons\X16.png
🔧 Ensuring icon exists: X17
== Creating icon: X17
Output folder: C:\Program Files (x86)\Ultima Online Outlands\ClassicUO\Data\Client\MapIcons
✅ Saved icon to: C:\Program Files (x86)\Ultima Online Outlands\ClassicUO\Data\Client\MapIcons\X17.png
🔧 Ensuring icon exists: X18
== Creating icon: X18
Output folder: C:\Program Files (x86)\Ultima Online Outlands\ClassicUO\Data\Client\MapIcons
✅ Saved icon to: C:\Program Files (x86)\Ultima Online Outlands\ClassicUO\Data\Client\MapIcons\X18.png
🔧 Ensuring icon exists: X19
== Creating icon: X19
Output folder: C:\Program Files (x86)\Ultima Online Outlands\ClassicUO\Data\Client\MapIcons
✅ Saved icon to: C:\Program Files (x86)\Ultima Online Outlands\ClassicUO\Data\Client\MapIcons\X19.png
🔧 Ensuring icon exists: X20
== Creating icon: X20
Output folder: C:\Program Files (x86)\Ultima Online Outlands\ClassicUO\Data\Client\MapIcons
✅ Saved icon to: C:\Program Files (x86)\Ultima Online Outlands\ClassicUO\Data\Client\MapIcons\X20.png
🔧 Ensuring icon exists: X21
== Creating icon: X21
Output folder: C:\Program Files (x86)\Ultima Online Outlands\ClassicUO\Data\Client\MapIcons
✅ Saved icon to: C:\Program Files (x86)\Ultima Online Outlands\ClassicUO\Data\Client\MapIcons\X21.png
🔧 Ensuring icon exists: X22
== Creating icon: X22
Output folder: C:\Program Files (x86)\Ultima Online Outlands\ClassicUO\Data\Client\MapIcons
✅ Saved icon to: C:\Program Files (x86)\Ultima Online Outlands\ClassicUO\Data\Client\MapIcons\X22.png
🔧 Ensuring icon exists: X23
== Creating icon: X23
Output folder: C:\Program Files (x86)\Ultima Online Outlands\ClassicUO\Data\Client\MapIcons
✅ Saved icon to: C:\Program Files (x86)\Ultima Online Outlands\ClassicUO\Data\Client\MapIcons\X23.png
🔧 Ensuring icon exists: X24
== Creating icon: X24
Output folder: C:\Program Files (x86)\Ultima Online Outlands\ClassicUO\Data\Client\MapIcons
✅ Saved icon to: C:\Program Files (x86)\Ultima Online Outlands\ClassicUO\Data\Client\MapIcons\X24.png
🔧 Ensuring icon exists: X25
== Creating icon: X25
Output folder: C:\Program Files (x86)\Ultima Online Outlands\ClassicUO\Data\Client\MapIcons
✅ Saved icon to: C:\Program Files (x86)\Ultima Online Outlands\ClassicUO\Data\Client\MapIcons\X25.png
🔧 Ensuring icon exists: X26
== Creating icon: X26
Output folder: C:\Program Files (x86)\Ultima Online Outlands\ClassicUO\Data\Client\MapIcons
✅ Saved icon to: C:\Program Files (x86)\Ultima Online Outlands\ClassicUO\Data\Client\MapIcons\X26.png
🔧 Ensuring icon exists: X27
== Creating icon: X27
Output folder: C:\Program Files (x86)\Ultima Online Outlands\ClassicUO\Data\Client\MapIcons
✅ Saved icon to: C:\Program Files (x86)\Ultima Online Outlands\ClassicUO\Data\Client\MapIcons\X27.png
🔧 Ensuring icon exists: X28
== Creating icon: X28
Output folder: C:\Program Files (x86)\Ultima Online Outlands\ClassicUO\Data\Client\MapIcons
✅ Saved icon to: C:\Program Files (x86)\Ultima Online Outlands\ClassicUO\Data\Client\MapIcons\X28.png
🔧 Ensuring icon exists: X29
== Creating icon: X29
Output folder: C:\Program Files (x86)\Ultima Online Outlands\ClassicUO\Data\Client\MapIcons
✅ Saved icon to: C:\Program Files (x86)\Ultima Online Outlands\ClassicUO\Data\Client\MapIcons\X29.png
🔧 Ensuring icon exists: X30
== Creating icon: X30
Output folder: C:\Program Files (x86)\Ultima Online Outlands\ClassicUO\Data\Client\MapIcons
✅ Saved icon to: C:\Program Files (x86)\Ultima Online Outlands\ClassicUO\Data\Client\MapIcons\X30.png
🔧 Ensuring icon exists: X31
== Creating icon: X31
Output folder: C:\Program Files (x86)\Ultima Online Outlands\ClassicUO\Data\Client\MapIcons
✅ Saved icon to: C:\Program Files (x86)\Ultima Online Outlands\ClassicUO\Data\Client\MapIcons\X31.png
🔧 Ensuring icon exists: X32
== Creating icon: X32
Output folder: C:\Program Files (x86)\Ultima Online Outlands\ClassicUO\Data\Client\MapIcons
✅ Saved icon to: C:\Program Files (x86)\Ultima Online Outlands\ClassicUO\Data\Client\MapIcons\X32.png
🔧 Ensuring icon exists: X33
== Creating icon: X33
Output folder: C:\Program Files (x86)\Ultima Online Outlands\ClassicUO\Data\Client\MapIcons
✅ Saved icon to: C:\Program Files (x86)\Ultima Online Outlands\ClassicUO\Data\Client\MapIcons\X33.png
🔧 Ensuring icon exists: X34
== Creating icon: X34
Output folder: C:\Program Files (x86)\Ultima Online Outlands\ClassicUO\Data\Client\MapIcons
✅ Saved icon to: C:\Program Files (x86)\Ultima Online Outlands\ClassicUO\Data\Client\MapIcons\X34.png
🔧 Ensuring icon exists: X35
== Creating icon: X35
Output folder: C:\Program Files (x86)\Ultima Online Outlands\ClassicUO\Data\Client\MapIcons
✅ Saved icon to: C:\Program Files (x86)\Ultima Online Outlands\ClassicUO\Data\Client\MapIcons\X35.png
🔧 Ensuring icon exists: X36
== Creating icon: X36
Output folder: C:\Program Files (x86)\Ultima Online Outlands\ClassicUO\Data\Client\MapIcons
✅ Saved icon to: C:\Program Files (x86)\Ultima Online Outlands\ClassicUO\Data\Client\MapIcons\X36.png
🔧 Ensuring icon exists: X37
== Creating icon: X37
Output folder: C:\Program Files (x86)\Ultima Online Outlands\ClassicUO\Data\Client\MapIcons
✅ Saved icon to: C:\Program Files (x86)\Ultima Online Outlands\ClassicUO\Data\Client\MapIcons\X37.png
🔧 Ensuring icon exists: X38
== Creating icon: X38
Output folder: C:\Program Files (x86)\Ultima Online Outlands\ClassicUO\Data\Client\MapIcons
✅ Saved icon to: C:\Program Files (x86)\Ultima Online Outlands\ClassicUO\Data\Client\MapIcons\X38.png
🔧 Ensuring icon exists: X39
== Creating icon: X39
Output folder: C:\Program Files (x86)\Ultima Online Outlands\ClassicUO\Data\Client\MapIcons
✅ Saved icon to: C:\Program Files (x86)\Ultima Online Outlands\ClassicUO\Data\Client\MapIcons\X39.png
🔧 Ensuring icon exists: X40
== Creating icon: X40
Output folder: C:\Program Files (x86)\Ultima Online Outlands\ClassicUO\Data\Client\MapIcons
✅ Saved icon to: C:\Program Files (x86)\Ultima Online Outlands\ClassicUO\Data\Client\MapIcons\X40.png
🔧 Ensuring icon exists: X41
== Creating icon: X41
Output folder: C:\Program Files (x86)\Ultima Online Outlands\ClassicUO\Data\Client\MapIcons
✅ Saved icon to: C:\Program Files (x86)\Ultima Online Outlands\ClassicUO\Data\Client\MapIcons\X41.png
🔧 Ensuring icon exists: X42
== Creating icon: X42
Output folder: C:\Program Files (x86)\Ultima Online Outlands\ClassicUO\Data\Client\MapIcons
✅ Saved icon to: C:\Program Files (x86)\Ultima Online Outlands\ClassicUO\Data\Client\MapIcons\X42.png
🔧 Ensuring icon exists: X43
== Creating icon: X43
Output folder: C:\Program Files (x86)\Ultima Online Outlands\ClassicUO\Data\Client\MapIcons
✅ Saved icon to: C:\Program Files (x86)\Ultima Online Outlands\ClassicUO\Data\Client\MapIcons\X43.png
🔧 Ensuring icon exists: X44
== Creating icon: X44
Output folder: C:\Program Files (x86)\Ultima Online Outlands\ClassicUO\Data\Client\MapIcons
✅ Saved icon to: C:\Program Files (x86)\Ultima Online Outlands\ClassicUO\Data\Client\MapIcons\X44.png
🔧 Ensuring icon exists: X45
== Creating icon: X45
Output folder: C:\Program Files (x86)\Ultima Online Outlands\ClassicUO\Data\Client\MapIcons
✅ Saved icon to: C:\Program Files (x86)\Ultima Online Outlands\ClassicUO\Data\Client\MapIcons\X45.png
🔧 Ensuring icon exists: X46
== Creating icon: X46
Output folder: C:\Program Files (x86)\Ultima Online Outlands\ClassicUO\Data\Client\MapIcons
✅ Saved icon to: C:\Program Files (x86)\Ultima Online Outlands\ClassicUO\Data\Client\MapIcons\X46.png
🔧 Ensuring icon exists: X47
== Creating icon: X47
Output folder: C:\Program Files (x86)\Ultima Online Outlands\ClassicUO\Data\Client\MapIcons
✅ Saved icon to: C:\Program Files (x86)\Ultima Online Outlands\ClassicUO\Data\Client\MapIcons\X47.png
🔧 Ensuring icon exists: X48
== Creating icon: X48
Output folder: C:\Program Files (x86)\Ultima Online Outlands\ClassicUO\Data\Client\MapIcons
✅ Saved icon to: C:\Program Files (x86)\Ultima Online Outlands\ClassicUO\Data\Client\MapIcons\X48.png
🔧 Ensuring icon exists: X49
== Creating icon: X49
Output folder: C:\Program Files (x86)\Ultima Online Outlands\ClassicUO\Data\Client\MapIcons
✅ Saved icon to: C:\Program Files (x86)\Ultima Online Outlands\ClassicUO\Data\Client\MapIcons\X49.png
🔧 Ensuring icon exists: X50
== Creating icon: X50
Output folder: C:\Program Files (x86)\Ultima Online Outlands\ClassicUO\Data\Client\MapIcons
✅ Saved icon to: C:\Program Files (x86)\Ultima Online Outlands\ClassicUO\Data\Client\MapIcons\X50.png
🔧 Ensuring icon exists: X51
== Creating icon: X51
Output folder: C:\Program Files (x86)\Ultima Online Outlands\ClassicUO\Data\Client\MapIcons
✅ Saved icon to: C:\Program Files (x86)\Ultima Online Outlands\ClassicUO\Data\Client\MapIcons\X51.png
🔧 Ensuring icon exists: X52
== Creating icon: X52
Output folder: C:\Program Files (x86)\Ultima Online Outlands\ClassicUO\Data\Client\MapIcons
✅ Saved icon to: C:\Program Files (x86)\Ultima Online Outlands\ClassicUO\Data\Client\MapIcons\X52.png
🔧 Ensuring icon exists: X53
== Creating icon: X53
Output folder: C:\Program Files (x86)\Ultima Online Outlands\ClassicUO\Data\Client\MapIcons
✅ Saved icon to: C:\Program Files (x86)\Ultima Online Outlands\ClassicUO\Data\Client\MapIcons\X53.png
🔧 Ensuring icon exists: X54
== Creating icon: X54
Output folder: C:\Program Files (x86)\Ultima Online Outlands\ClassicUO\Data\Client\MapIcons
✅ Saved icon to: C:\Program Files (x86)\Ultima Online Outlands\ClassicUO\Data\Client\MapIcons\X54.png
🔧 Ensuring icon exists: X55
== Creating icon: X55
Output folder: C:\Program Files (x86)\Ultima Online Outlands\ClassicUO\Data\Client\MapIcons
✅ Saved icon to: C:\Program Files (x86)\Ultima Online Outlands\ClassicUO\Data\Client\MapIcons\X55.png
🔧 Ensuring icon exists: X56
== Creating icon: X56
Output folder: C:\Program Files (x86)\Ultima Online Outlands\ClassicUO\Data\Client\MapIcons
✅ Saved icon to: C:\Program Files (x86)\Ultima Online Outlands\ClassicUO\Data\Client\MapIcons\X56.png
🔧 Ensuring icon exists: X57
== Creating icon: X57
Output folder: C:\Program Files (x86)\Ultima Online Outlands\ClassicUO\Data\Client\MapIcons
✅ Saved icon to: C:\Program Files (x86)\Ultima Online Outlands\ClassicUO\Data\Client\MapIcons\X57.png
🔧 Ensuring icon exists: X58
== Creating icon: X58
Output folder: C:\Program Files (x86)\Ultima Online Outlands\ClassicUO\Data\Client\MapIcons
✅ Saved icon to: C:\Program Files (x86)\Ultima Online Outlands\ClassicUO\Data\Client\MapIcons\X58.png
🔧 Ensuring icon exists: X59
== Creating icon: X59
Output folder: C:\Program Files (x86)\Ultima Online Outlands\ClassicUO\Data\Client\MapIcons
✅ Saved icon to: C:\Program Files (x86)\Ultima Online Outlands\ClassicUO\Data\Client\MapIcons\X59.png
🔧 Ensuring icon exists: X60
== Creating icon: X60
Output folder: C:\Program Files (x86)\Ultima Online Outlands\ClassicUO\Data\Client\MapIcons
✅ Saved icon to: C:\Program Files (x86)\Ultima Online Outlands\ClassicUO\Data\Client\MapIcons\X60.png
🔧 Ensuring icon exists: X61
== Creating icon: X61
Output folder: C:\Program Files (x86)\Ultima Online Outlands\ClassicUO\Data\Client\MapIcons
✅ Saved icon to: C:\Program Files (x86)\Ultima Online Outlands\ClassicUO\Data\Client\MapIcons\X61.png
🔧 Ensuring icon exists: X62
== Creating icon: X62
Output folder: C:\Program Files (x86)\Ultima Online Outlands\ClassicUO\Data\Client\MapIcons
✅ Saved icon to: C:\Program Files (x86)\Ultima Online Outlands\ClassicUO\Data\Client\MapIcons\X62.png
🔧 Ensuring icon exists: X63
== Creating icon: X63
Output folder: C:\Program Files (x86)\Ultima Online Outlands\ClassicUO\Data\Client\MapIcons
✅ Saved icon to: C:\Program Files (x86)\Ultima Online Outlands\ClassicUO\Data\Client\MapIcons\X63.png
🔧 Ensuring icon exists: X64
== Creating icon: X64
Output folder: C:\Program Files (x86)\Ultima Online Outlands\ClassicUO\Data\Client\MapIcons
✅ Saved icon to: C:\Program Files (x86)\Ultima Online Outlands\ClassicUO\Data\Client\MapIcons\X64.png
🔧 Ensuring icon exists: X65
== Creating icon: X65
Output folder: C:\Program Files (x86)\Ultima Online Outlands\ClassicUO\Data\Client\MapIcons
✅ Saved icon to: C:\Program Files (x86)\Ultima Online Outlands\ClassicUO\Data\Client\MapIcons\X65.png
🔧 Ensuring icon exists: X66
== Creating icon: X66
Output folder: C:\Program Files (x86)\Ultima Online Outlands\ClassicUO\Data\Client\MapIcons
✅ Saved icon to: C:\Program Files (x86)\Ultima Online Outlands\ClassicUO\Data\Client\MapIcons\X66.png
🔧 Ensuring icon exists: X67
== Creating icon: X67
Output folder: C:\Program Files (x86)\Ultima Online Outlands\ClassicUO\Data\Client\MapIcons
✅ Saved icon to: C:\Program Files (x86)\Ultima Online Outlands\ClassicUO\Data\Client\MapIcons\X67.png
🔧 Ensuring icon exists: X68
== Creating icon: X68
Output folder: C:\Program Files (x86)\Ultima Online Outlands\ClassicUO\Data\Client\MapIcons
✅ Saved icon to: C:\Program Files (x86)\Ultima Online Outlands\ClassicUO\Data\Client\MapIcons\X68.png
🔧 Ensuring icon exists: X69
== Creating icon: X69
Output folder: C:\Program Files (x86)\Ultima Online Outlands\ClassicUO\Data\Client\MapIcons
✅ Saved icon to: C:\Program Files (x86)\Ultima Online Outlands\ClassicUO\Data\Client\MapIcons\X69.png
🔧 Ensuring icon exists: X70
== Creating icon: X70
Output folder: C:\Program Files (x86)\Ultima Online Outlands\ClassicUO\Data\Client\MapIcons
✅ Saved icon to: C:\Program Files (x86)\Ultima Online Outlands\ClassicUO\Data\Client\MapIcons\X70.png
🔧 Ensuring icon exists: X71
== Creating icon: X71
Output folder: C:\Program Files (x86)\Ultima Online Outlands\ClassicUO\Data\Client\MapIcons
✅ Saved icon to: C:\Program Files (x86)\Ultima Online Outlands\ClassicUO\Data\Client\MapIcons\X71.png
🔧 Ensuring icon exists: X72
== Creating icon: X72
Output folder: C:\Program Files (x86)\Ultima Online Outlands\ClassicUO\Data\Client\MapIcons
✅ Saved icon to: C:\Program Files (x86)\Ultima Online Outlands\ClassicUO\Data\Client\MapIcons\X72.png
🔧 Ensuring icon exists: X73
== Creating icon: X73
Output folder: C:\Program Files (x86)\Ultima Online Outlands\ClassicUO\Data\Client\MapIcons
✅ Saved icon to: C:\Program Files (x86)\Ultima Online Outlands\ClassicUO\Data\Client\MapIcons\X73.png
🔧 Ensuring icon exists: X74
== Creating icon: X74
Output folder: C:\Program Files (x86)\Ultima Online Outlands\ClassicUO\Data\Client\MapIcons
✅ Saved icon to: C:\Program Files (x86)\Ultima Online Outlands\ClassicUO\Data\Client\MapIcons\X74.png
🔧 Ensuring icon exists: X75
== Creating icon: X75
Output folder: C:\Program Files (x86)\Ultima Online Outlands\ClassicUO\Data\Client\MapIcons
✅ Saved icon to: C:\Program Files (x86)\Ultima Online Outlands\ClassicUO\Data\Client\MapIcons\X75.png
🔧 Ensuring icon exists: landmark
🔧 Ensuring icon exists: landmark
🔧 Ensuring icon exists: landmark
🔧 Ensuring icon exists: landmark
🔧 Ensuring icon exists: landmark
🔧 Ensuring icon exists: landmark
🔧 Ensuring icon exists: landmark
🔧 Ensuring icon exists: landmark
🔧 Ensuring icon exists: landmark
🔧 Ensuring icon exists: landmark
🔧 Ensuring icon exists: landmark
🔧 Ensuring icon exists: landmark
🔧 Ensuring icon exists: landmark
🔧 Ensuring icon exists: landmark
🔧 Ensuring icon exists: landmark
🔧 Ensuring icon exists: landmark
🔧 Ensuring icon exists: landmark
🔧 Ensuring icon exists: landmark
🔧 Ensuring icon exists: landmark
🔧 Ensuring icon exists: landmark
🔧 Ensuring icon exists: landmark
🔧 Ensuring icon exists: landmark
🔧 Ensuring icon exists: landmark
🔧 Ensuring icon exists: landmark
🔧 Ensuring icon exists: landmark
🔧 Ensuring icon exists: landmark
🔧 Ensuring icon exists: landmark
🔧 Ensuring icon exists: landmark
🔧 Ensuring icon exists: landmark
🔧 Ensuring icon exists: landmark
🔧 Ensuring icon exists: landmark
🔧 Ensuring icon exists: landmark
🔧 Ensuring icon exists: landmark
🔧 Ensuring icon exists: landmark
🔧 Ensuring icon exists: landmark
🔧 Ensuring icon exists: landmark
🔧 Ensuring icon exists: landmark
🔧 Ensuring icon exists: landmark
🔧 Ensuring icon exists: landmark
🔧 Ensuring icon exists: landmark
🔧 Ensuring icon exists: landmark
🔧 Ensuring icon exists: landmark
🔧 Ensuring icon exists: landmark
🔧 Ensuring icon exists: landmark
🔧 Ensuring icon exists: landmark
🔧 Ensuring icon exists: landmark
🔧 Ensuring icon exists: landmark
🔧 Ensuring icon exists: landmark
🔧 Ensuring icon exists: landmark
🔧 Ensuring icon exists: landmark
🔧 Ensuring icon exists: landmark
🔧 Ensuring icon exists: landmark
🔧 Ensuring icon exists: landmark
🔧 Ensuring icon exists: landmark
🔧 Ensuring icon exists: landmark
🔧 Ensuring icon exists: landmark
🔧 Ensuring icon exists: landmark
🔧 Ensuring icon exists: landmark
🔧 Ensuring icon exists: landmark
🔧 Ensuring icon exists: landmark
🔧 Ensuring icon exists: landmark
🔧 Ensuring icon exists: landmark
🔧 Ensuring icon exists: landmark
🔧 Ensuring icon exists: landmark
🔧 Ensuring icon exists: landmark
🔧 Ensuring icon exists: landmark
🔧 Ensuring icon exists: landmark
🔧 Ensuring icon exists: landmark
🔧 Ensuring icon exists: landmark
🔧 Ensuring icon exists: landmark
🔧 Ensuring icon exists: landmark
🔧 Ensuring icon exists: landmark
🔧 Ensuring icon exists: landmark
🔧 Ensuring icon exists: landmark
🔧 Ensuring icon exists: landmark
🔧 Ensuring icon exists: landmark
🔧 Ensuring icon exists: landmark
🔧 Ensuring icon exists: landmark
🔧 Ensuring icon exists: landmark
🔧 Ensuring icon exists: landmark
🔧 Ensuring icon exists: landmark
🔧 Ensuring icon exists: landmark
🔧 Ensuring icon exists: landmark
🔧 Ensuring icon exists: landmark
🔧 Ensuring icon exists: landmark
🔧 Ensuring icon exists: landmark
🔧 Ensuring icon exists: landmark
🔧 Ensuring icon exists: landmark
🔧 Ensuring icon exists: landmark
🔧 Ensuring icon exists: landmark
🔧 Ensuring icon exists: landmark
🔧 Ensuring icon exists: landmark
🔧 Ensuring icon exists: landmark
🔧 Ensuring icon exists: landmark
🔧 Ensuring icon exists: landmark
🔧 Ensuring icon exists: landmark
🔧 Ensuring icon exists: landmark
🔧 Ensuring icon exists: landmark
🔧 Ensuring icon exists: landmark
🔧 Ensuring icon exists: landmark
🔧 Ensuring icon exists: landmark
🔧 Ensuring icon exists: landmark
🔧 Ensuring icon exists: landmark
🔧 Ensuring icon exists: landmark
🔧 Ensuring icon exists: landmark
🔧 Ensuring icon exists: landmark
🔧 Ensuring icon exists: landmark
🔧 Ensuring icon exists: landmark
🔧 Ensuring icon exists: landmark
🔧 Ensuring icon exists: landmark
🔧 Ensuring icon exists: landmark
🔧 Ensuring icon exists: landmark
🔧 Ensuring icon exists: landmark
✅ Parsed and sorted 503 markers from TREASURE.txt
💾 Writing XML to: C:\Program Files (x86)\Ultima Online Outlands\ClassicUO\Data\Client\Treasure_Map_Locations.xml
🎉 Treasure_Map_Locations.xml written successfully.
